,state,time,id,cov1,cov2
0,1,0.0,296675,0,0
1,1,18.936229,296675,0,0
2,2,41.409259440104165,296675,0,0
3,1,0.0,273327,0,0
4,1,1.027553,273327,0,0
5,2,46.76865885416667,273327,0,0
6,1,0.0,244007,0,0
7,1,41.201518,244007,0,0
8,2,47.37243055555555,244007,0,0
9,1,0.0,313933,0,0
10,1,13.588293,313933,0,0
11,2,30.731944444444444,313933,0,0
12,1,0.0,298928,0,0
13,1,37.246766,298928,0,0
14,2,52.823705071343326,298928,0,0
15,1,0.0,166007,0,0
16,1,2.029087,166007,0,0
17,2,33.32834654066298,166007,0,0
18,1,0.0,294446,0,0
19,1,1.995812,294446,0,0
20,2,12.162375419404771,294446,0,0
21,1,0.0,195208,0,0
22,1,5.746227,195208,0,0
23,2,7.200530327690972,195208,0,0
24,1,0.0,156218,0,0
25,1,7.811389,156218,0,0
26,2,11.684602830674914,156218,0,0
27,1,0.0,154030,0,0
28,1,27.819622,154030,0,0
29,2,31.78589714898004,154030,0,0
30,1,0.0,222758,0,0
31,1,37.746809,222758,0,0
32,2,42.63766564263238,222758,0,0
33,1,0.0,13955,0,0
34,1,6.290545,13955,0,0
35,2,59.60995371500651,13955,0,0
36,1,0.0,52831,0,0
37,1,7.703148,52831,0,0
38,2,12.470003289116754,52831,0,0
39,1,0.0,135286,0,0
40,1,15.014816,135286,0,0
41,2,21.95455579969618,135286,0,0
42,1,0.0,73350,0,0
43,1,9.087993,73350,0,0
44,2,15.004424218071833,73350,0,0
45,1,0.0,187879,0,0
46,1,1.041407,187879,0,0
47,2,4.372425278557671,187879,0,0
48,1,0.0,198221,0,0
49,1,0.248157,198221,0,0
50,2,2.770277777777778,198221,0,0
51,1,0.0,244431,0,0
52,1,14.502216,244431,0,0
53,2,22.410690148671467,244431,0,0
54,1,0.0,110121,0,0
55,1,34.861579,110121,0,0
56,2,59.985746409098304,110121,0,0
57,1,0.0,276008,0,0
58,1,11.754404,276008,0,0
59,2,38.48957258436415,276008,0,0
60,1,0.0,199270,0,0
61,1,1.336886,199270,0,0
62,2,23.20116273668077,199270,0,0
63,1,0.0,4286,0,0
64,1,30.700225,4286,0,0
65,2,34.026454781426324,4286,0,0
66,1,0.0,192795,0,0
67,1,36.186985,192795,0,0
68,2,53.170489976671,192795,0,0
69,1,0.0,13695,0,0
70,1,10.780364,13695,0,0
71,2,18.83268517388238,13695,0,0
72,1,0.0,59744,0,0
73,1,24.726647,59744,0,0
74,2,39.61265477498373,59744,0,0
75,1,0.0,17140,0,0
76,1,0.010119,17140,0,0
77,2,0.0102777777777777,17140,0,0
78,1,0.0,30185,0,0
79,1,21.970341,30185,0,0
80,2,23.82055339495341,30185,0,0
81,1,0.0,298587,0,0
82,1,42.229499,298587,0,0
83,2,42.68663526746962,298587,0,0
84,1,0.0,173276,0,0
85,1,4.684897,173276,0,0
86,2,12.587916666666668,173276,0,0
87,1,0.0,203454,0,0
88,1,22.357242,203454,0,0
89,2,36.47938469780816,203454,0,0
90,1,0.0,211032,0,0
91,1,9.607157,211032,0,0
92,2,28.001403774685333,211032,0,0
93,1,0.0,243227,0,0
94,1,23.30995,243227,0,0
95,2,29.207162085639105,243227,0,0
96,1,0.0,248213,0,0
97,1,17.637854,248213,0,0
98,2,18.76652777777777,248213,0,0
99,1,0.0,183352,0,0
100,1,1.366402,183352,0,0
101,2,17.39922848171658,183352,0,0
102,1,0.0,258837,0,0
103,1,0.864413,258837,0,0
104,2,1.5561144002278646,258837,0,0
105,1,0.0,184776,0,0
106,1,27.246582,184776,0,0
107,2,29.82574426862929,184776,0,0
108,1,0.0,119396,0,0
109,1,1.45528,119396,0,0
110,2,1.9031613498263888,119396,0,0
111,1,0.0,168030,0,0
112,1,13.751696,168030,0,0
113,2,14.30381416744656,168030,0,0
114,1,0.0,102803,0,0
115,1,6.891431,102803,0,0
116,2,11.910292086071438,102803,0,0
117,1,0.0,55768,0,0
118,1,8.306828,55768,0,0
119,2,19.944737108018664,55768,0,0
120,1,0.0,295686,0,0
121,1,12.34704,295686,0,0
122,2,21.702133157518176,295686,0,0
123,1,0.0,305669,0,0
124,1,9.097494,305669,0,0
125,2,11.775692003038197,305669,0,0
126,1,0.0,280760,0,0
127,1,7.876842,280760,0,0
128,2,28.34661110242208,280760,0,0
129,1,0.0,104537,0,0
130,1,1.255749,104537,0,0
131,2,28.066958652072483,104537,0,0
132,1,0.0,304700,0,0
133,1,5.580797,304700,0,0
134,2,27.8440042453342,304700,0,0
135,1,0.0,205512,0,0
136,1,56.620451,205512,0,0
137,2,76.69139763620164,205512,0,0
138,1,0.0,332621,0,0
139,1,0.112726,332621,0,0
140,2,0.4440972222222222,332621,0,0
141,1,0.0,74317,0,0
142,1,12.201475,74317,0,0
143,2,20.95546295166016,74317,0,0
144,1,0.0,41801,0,0
145,1,4.886298,41801,0,0
146,2,6.940830247667099,41801,0,0
147,1,0.0,320762,0,0
148,1,14.834794,320762,0,0
149,2,17.936976453993054,320762,0,0
150,1,0.0,267786,0,0
151,1,6.409126,267786,0,0
152,2,7.562166883680556,267786,0,0
153,1,0.0,71119,0,0
154,1,58.033128,71119,0,0
155,2,74.44555555555556,71119,0,0
156,1,0.0,114718,0,0
157,1,15.894552,114718,0,0
158,2,20.8682219780816,114718,0,0
159,1,0.0,328466,0,0
160,1,1.162233,328466,0,0
161,2,1.243639890882704,328466,0,0
162,1,0.0,98312,0,0
163,1,20.013767,98312,0,0
164,2,33.258128051757815,98312,0,0
165,1,0.0,62154,0,0
166,1,3.990766,62154,0,0
167,2,31.168773871527776,62154,0,0
168,1,0.0,20503,0,0
169,1,9.542202,20503,0,0
170,2,30.601484485202366,20503,0,0
171,1,0.0,118849,0,0
172,1,2.752595,118849,0,0
173,2,2.7610224607255724,118849,0,0
174,1,0.0,158576,0,0
175,1,12.897374,158576,0,0
176,2,31.2204419793023,158576,0,0
177,1,0.0,219203,0,0
178,1,32.113395,219203,0,0
179,2,70.62874854193794,219203,0,0
180,1,0.0,30181,0,0
181,1,3.438401,30181,0,0
182,2,11.66079091389974,30181,0,0
183,1,0.0,175932,0,0
184,1,7.857293,175932,0,0
185,2,19.885800272623698,175932,0,0
186,1,0.0,209625,0,0
187,1,56.645406,209625,0,0
188,2,59.353643120659726,209625,0,0
189,1,0.0,296239,0,0
190,1,2.049104,296239,0,0
191,2,12.068333333333332,296239,0,0
192,1,0.0,306930,0,0
193,1,21.41234,306930,0,0
194,2,22.084171278211805,306930,0,0
195,1,0.0,149520,0,0
196,1,3.683711,149520,0,0
197,2,23.781336585150825,149520,0,0
198,1,0.0,107656,0,0
199,1,0.071271,107656,0,0
200,2,2.358197530110677,107656,0,0
201,1,0.0,83761,0,0
202,1,8.004156,83761,0,0
203,2,19.723229166666663,83761,0,0
204,1,0.0,131445,0,0
205,1,4.7653,131445,0,0
206,2,8.377025180392796,131445,0,0
207,1,0.0,106154,0,0
208,1,31.045833,106154,0,0
209,2,34.507152777777776,106154,0,0
210,1,0.0,54011,0,0
211,1,10.49723,54011,0,0
212,2,12.77157955593533,54011,0,0
213,1,0.0,28261,0,0
214,1,26.906712,28261,0,0
215,2,32.88282009548611,28261,0,0
216,1,0.0,310934,0,0
217,1,0.490408,310934,0,0
218,2,0.5530092536078558,310934,0,0
219,1,0.0,51315,0,0
220,1,2.428169,51315,0,0
221,2,2.797782389322917,51315,0,0
222,1,0.0,325252,0,0
223,1,0.557272,325252,0,0
224,2,0.558170640733507,325252,0,0
225,1,0.0,73385,0,0
226,1,17.904237,73385,0,0
227,2,18.6598747253418,73385,0,0
228,1,0.0,217527,0,0
229,1,0.185494,217527,0,0
230,2,0.9506018405490452,217527,0,0
231,1,0.0,130985,0,0
232,1,80.383191,130985,0,0
233,2,97.1580691189236,130985,0,0
234,1,0.0,29235,0,0
235,1,3.640645,29235,0,0
236,2,9.33148166232639,29235,0,0
237,1,0.0,35047,0,0
238,1,0.230079,35047,0,0
239,2,1.5932671780056424,35047,0,0
240,1,0.0,9844,0,0
241,1,0.824787,9844,0,0
242,2,12.51839218987359,9844,0,0
243,1,0.0,85873,0,0
244,1,5.777684,85873,0,0
245,2,12.4942202674018,85873,0,0
246,1,0.0,181354,0,0
247,1,2.502931,181354,0,0
248,2,19.318916015625,181354,0,0
249,1,0.0,206926,0,0
250,1,15.679446,206926,0,0
251,2,43.63194569905599,206926,0,0
252,1,0.0,100096,0,0
253,1,20.44252,100096,0,0
254,2,31.51967112223308,100096,0,0
255,1,0.0,36262,0,0
256,1,31.744829,36262,0,0
257,2,48.20991431236267,36262,0,0
258,1,0.0,281184,0,0
259,1,24.579024,281184,0,0
260,2,31.912522697448736,281184,0,0
261,1,0.0,86993,0,0
262,1,8.153215,86993,0,0
263,2,9.622027994791669,86993,0,0
264,1,0.0,291844,0,0
265,1,4.577622,291844,0,0
266,2,60.12017496744792,291844,0,0
267,1,0.0,15491,0,0
268,1,8.50939,15491,0,0
269,2,9.797176106770833,15491,0,0
270,1,0.0,277579,0,0
271,1,13.187778,277579,0,0
272,2,18.918819444444445,277579,0,0
273,1,0.0,38526,0,0
274,1,18.911274,38526,0,0
275,2,27.305965940687383,38526,0,0
276,1,0.0,141444,0,0
277,1,16.306638,141444,0,0
278,2,28.741394534640847,141444,0,0
279,1,0.0,84766,0,0
280,1,3.414062,84766,0,0
281,2,4.377920642428928,84766,0,0
282,1,0.0,219296,0,0
283,1,58.07505,219296,0,0
284,2,64.56990885416667,219296,0,0
285,1,0.0,69063,0,0
286,1,0.177452,69063,0,0
287,2,0.3313293626573351,69063,0,0
288,1,0.0,218551,0,0
289,1,15.106732,218551,0,0
290,2,21.63359060499404,218551,0,0
291,1,0.0,214620,0,0
292,1,11.590713,214620,0,0
293,2,43.894993760850696,214620,0,0
294,1,0.0,206964,0,0
295,1,0.445705,206964,0,0
296,2,1.129447530110677,206964,0,0
297,1,0.0,326573,0,0
298,1,1.622096,326573,0,0
299,2,6.780975933074951,326573,0,0
300,1,0.0,35265,0,0
301,1,0.178746,35265,0,0
302,2,1.0502808634440104,35265,0,0
303,1,0.0,298546,0,0
304,1,5.443408,298546,0,0
305,2,60.94501525878907,298546,0,0
306,1,0.0,155575,0,0
307,1,49.561717,155575,0,0
308,2,54.350150689019095,155575,0,0
309,1,0.0,51231,0,0
310,1,3.965469,51231,0,0
311,2,32.044860704210066,51231,0,0
312,1,0.0,131988,0,0
313,1,1.253564,131988,0,0
314,2,12.407290920681424,131988,0,0
315,1,0.0,95608,0,0
316,1,7.563819,95608,0,0
317,2,17.778171476787993,95608,0,0
318,1,0.0,24338,0,0
319,1,3.724308,24338,0,0
320,2,60.77703667534722,24338,0,0
321,1,0.0,115136,0,0
322,1,2.544946,115136,0,0
323,2,3.944035076565213,115136,0,0
324,1,0.0,235884,0,0
325,1,20.65543,235884,0,0
326,2,45.74549496014914,235884,0,0
327,1,0.0,323229,0,0
328,1,3.454605,323229,0,0
329,2,8.47936240196228,323229,0,0
330,1,0.0,106078,0,0
331,1,0.518552,106078,0,0
332,2,18.616038581000435,106078,0,0
333,1,0.0,19797,0,0
334,1,0.062783,19797,0,0
335,2,0.4205215167999268,19797,0,0
336,1,0.0,261233,0,0
337,1,1.202926,261233,0,0
338,2,6.433611111111111,261233,0,0
339,1,0.0,5250,0,0
340,1,6.111401,5250,0,0
341,2,14.04617180612352,5250,0,0
342,1,0.0,201571,0,0
343,1,20.776049,201571,0,0
344,2,34.6749609375,201571,0,0
345,1,0.0,311898,0,0
346,1,14.008784,311898,0,0
347,2,62.8919534640842,311898,0,0
348,1,0.0,112362,0,0
349,1,18.111129,112362,0,0
350,2,22.648111560609607,112362,0,0
351,1,0.0,323068,0,0
352,1,8.813278,323068,0,0
353,2,9.30592291937934,323068,0,0
354,1,0.0,204593,0,0
355,1,37.093515,204593,0,0
356,2,45.693567445543074,204593,0,0
357,1,0.0,57940,0,0
358,1,0.360197,57940,0,0
359,2,0.3850890371534559,57940,0,0
360,1,0.0,107256,0,0
361,1,2.127535,107256,0,0
362,2,5.6162116495768215,107256,0,0
363,1,0.0,320663,0,0
364,1,0.529793,320663,0,0
365,2,21.466669921875,320663,0,0
366,1,0.0,327206,0,0
367,1,15.041724,327206,0,0
368,2,16.385440673828125,327206,0,0
369,1,0.0,121829,0,0
370,1,3.295004,121829,0,0
371,2,10.207346640692815,121829,0,0
372,1,0.0,7366,0,0
373,1,10.629004,7366,0,0
374,2,22.57675944010417,7366,0,0
375,1,0.0,230225,0,0
376,1,3.500799,230225,0,0
377,2,3.5231706407335066,230225,0,0
378,1,0.0,176477,0,0
379,1,12.919229,176477,0,0
380,2,33.19718827141656,176477,0,0
381,1,0.0,201831,0,0
382,1,5.40022,201831,0,0
383,2,32.29067820125156,201831,0,0
384,1,0.0,277434,0,0
385,1,18.125776,277434,0,0
386,2,43.06144909328884,277434,0,0
387,1,0.0,196516,0,0
388,1,30.350679,196516,0,0
389,2,32.81192392985026,196516,0,0
390,1,0.0,181445,0,0
391,1,32.64856,181445,0,0
392,2,37.89099934895833,181445,0,0
393,1,0.0,69204,0,0
394,1,1.578212,69204,0,0
395,2,1.7237810855441624,69204,0,0
396,1,0.0,16363,0,0
397,1,20.033482,16363,0,0
398,2,24.68935831705729,16363,0,0
399,1,0.0,2903,0,0
400,1,14.700216,2903,0,0
401,2,20.006666666666668,2903,0,0
402,1,0.0,43975,0,0
403,1,4.464685,43975,0,0
404,2,27.27511969672309,43975,0,0
405,1,0.0,99519,0,0
406,1,14.904774,99519,0,0
407,2,19.570586115519205,99519,0,0
408,1,0.0,139744,0,0
409,1,5.140711,139744,0,0
410,2,18.175767192840578,139744,0,0
411,1,0.0,304016,0,0
412,1,6.810868,304016,0,0
413,2,18.407886250813803,304016,0,0
414,1,0.0,286600,0,0
415,1,5.984866,286600,0,0
416,2,28.700112847222226,286600,0,0
417,1,0.0,242504,0,0
418,1,1.247761,242504,0,0
419,2,3.996855807834201,242504,0,0
420,1,0.0,247495,0,0
421,1,0.44781,247495,0,0
422,2,0.5796984185112847,247495,0,0
423,1,0.0,231820,0,0
424,1,0.038479,231820,0,0
425,2,0.0425,231820,0,0
426,1,0.0,142647,0,0
427,1,23.724787,142647,0,0
428,2,46.64120442708333,142647,0,0
429,1,0.0,86000,0,0
430,1,9.91449,86000,0,0
431,2,12.806359185112846,86000,0,0
432,1,0.0,76600,0,0
433,1,50.19697,76600,0,0
434,2,52.34240758683946,76600,0,0
435,1,0.0,298791,0,0
436,1,5.651337,298791,0,0
437,2,23.54156222873264,298791,0,0
438,1,0.0,146562,0,0
439,1,1.809819,146562,0,0
440,2,12.835408766004774,146562,0,0
441,1,0.0,295857,0,0
442,1,0.604895,295857,0,0
443,2,20.57469171841939,295857,0,0
444,1,0.0,91863,0,0
445,1,10.660104,91863,0,0
446,2,20.782427410549587,91863,0,0
447,1,0.0,318085,0,0
448,1,33.715664,318085,0,0
449,2,54.38824548933241,318085,0,0
450,1,0.0,331151,0,0
451,1,0.101793,331151,0,0
452,2,6.766658766004774,331151,0,0
453,1,0.0,255099,0,0
454,1,2.84248,255099,0,0
455,2,22.3165907880995,255099,0,0
456,1,0.0,95163,0,0
457,1,22.471087,95163,0,0
458,2,50.731195839775935,95163,0,0
459,1,0.0,291137,0,0
460,1,46.833751,291137,0,0
461,2,54.84281490749783,291137,0,0
462,1,0.0,95322,0,0
463,1,17.39818,95322,0,0
464,2,27.74414586385091,95322,0,0
465,1,0.0,216760,0,0
466,1,1.928665,216760,0,0
467,2,22.813096834818523,216760,0,0
468,1,0.0,277305,0,0
469,1,17.350615,277305,0,0
470,2,33.327777777777776,277305,0,0
471,1,0.0,196669,0,0
472,1,1.394682,196669,0,0
473,2,2.1445540693071155,196669,0,0
474,1,0.0,73922,0,0
475,1,6.023514,73922,0,0
476,2,10.064351671006944,73922,0,0
477,1,0.0,323738,0,0
478,1,15.067486,323738,0,0
479,2,29.32517632378472,323738,0,0
480,1,0.0,209834,0,0
481,1,3.260694,209834,0,0
482,2,28.840616200764973,209834,0,0
483,1,0.0,209857,0,0
484,1,18.231728,209857,0,0
485,2,28.608180383046463,209857,0,0
486,1,0.0,216132,0,0
487,1,7.906311,216132,0,0
488,2,17.16348124186198,216132,0,0
489,1,0.0,196253,0,0
490,1,1.745562,196253,0,0
491,2,12.49335913764106,196253,0,0
492,1,0.0,94283,0,0
493,1,4.005568,94283,0,0
494,2,9.733888888888888,94283,0,0
495,1,0.0,192479,0,0
496,1,0.059079,192479,0,0
497,2,0.4006983047061497,192479,0,0
498,1,0.0,51744,0,0
499,1,0.744779,51744,0,0
500,2,11.762341680526731,51744,0,0
501,1,0.0,25252,0,0
502,1,0.018871,25252,0,0
503,2,0.5485820092095269,25252,0,0
504,1,0.0,88252,0,0
505,1,3.500567,88252,0,0
506,2,18.155189141167536,88252,0,0
507,1,0.0,28065,0,0
508,1,1.208883,28065,0,0
509,2,8.466071438259547,28065,0,0
510,1,0.0,248244,0,0
511,1,11.248315,248244,0,0
512,2,15.09061311509874,248244,0,0
513,1,0.0,120129,0,0
514,1,12.44982,120129,0,0
515,2,17.214761793348526,120129,0,0
516,1,0.0,52247,0,0
517,1,6.946926,52247,0,0
518,2,14.064166666666669,52247,0,0
519,1,0.0,313257,0,0
520,1,73.031178,313257,0,0
521,2,75.9959329393175,313257,0,0
522,1,0.0,271031,0,0
523,1,12.443655,271031,0,0
524,2,46.1214306640625,271031,0,0
525,1,0.0,127410,0,0
526,1,34.882467,127410,0,0
527,2,35.222856953938795,127410,0,0
528,1,0.0,153140,0,0
529,1,8.12158,153140,0,0
530,2,23.91295844184028,153140,0,0
531,1,0.0,245591,0,0
532,1,18.343743,245591,0,0
533,2,23.87307826995849,245591,0,0
534,1,0.0,187097,0,0
535,1,14.723976,187097,0,0
536,2,17.745876651340062,187097,0,0
537,1,0.0,213891,0,0
538,1,19.095588,213891,0,0
539,2,45.98843948364258,213891,0,0
540,1,0.0,106303,0,0
541,1,1.643382,106303,0,0
542,2,1.721432825724284,106303,0,0
543,1,0.0,63952,0,0
544,1,14.351168,63952,0,0
545,2,15.221296476787993,63952,0,0
546,1,0.0,212152,0,0
547,1,6.588509,212152,0,0
548,2,39.14303973515828,212152,0,0
549,1,0.0,144798,0,0
550,1,1.264707,144798,0,0
551,2,29.341302269829644,144798,0,0
552,1,0.0,59840,0,0
553,1,0.409283,59840,0,0
554,2,0.4438888888888889,59840,0,0
555,1,0.0,262639,0,0
556,1,2.521169,262639,0,0
557,2,2.8177777777777777,262639,0,0
558,1,0.0,141392,0,0
559,1,8.966826,141392,0,0
560,2,23.90778316921658,141392,0,0
561,1,0.0,310981,0,0
562,1,10.796561,310981,0,0
563,2,14.195977732340497,310981,0,0
564,1,0.0,226547,0,0
565,1,15.241778,226547,0,0
566,2,52.51280090332031,226547,0,0
567,1,0.0,202385,0,0
568,1,0.770569,202385,0,0
569,2,1.010174330605401,202385,0,0
570,1,0.0,222277,0,0
571,1,9.656676,222277,0,0
572,2,30.6764842054579,222277,0,0
573,1,0.0,133875,0,0
574,1,0.289538,133875,0,0
575,2,35.06581034342448,133875,0,0
576,1,0.0,112827,0,0
577,1,4.923594,112827,0,0
578,2,7.004920654296875,112827,0,0
579,1,0.0,330421,0,0
580,1,14.760544,330421,0,0
581,2,21.14375352647569,330421,0,0
582,1,0.0,215987,0,0
583,1,20.349976,215987,0,0
584,2,54.253765224880645,215987,0,0
585,1,0.0,306646,0,0
586,1,3.235147,306646,0,0
587,2,3.809741651746962,306646,0,0
588,1,0.0,208406,0,0
589,1,9.19598,208406,0,0
590,2,9.415972222222225,208406,0,0
591,1,0.0,20972,0,0
592,1,8.675255,20972,0,0
593,2,9.282858479817708,20972,0,0
594,1,0.0,96672,0,0
595,1,15.91193,96672,0,0
596,2,41.82333333333333,96672,0,0
597,1,0.0,169619,0,0
598,1,24.417414,169619,0,0
599,2,31.240381944444444,169619,0,0
600,1,0.0,204044,0,0
601,1,27.003337,204044,0,0
602,2,32.91904211256239,204044,0,0
603,1,0.0,252456,0,0
604,1,34.158005,252456,0,0
605,2,40.10547564188639,252456,0,0
606,1,0.0,291404,0,0
607,1,51.371476,291404,0,0
608,2,54.34878712972005,291404,0,0
609,1,0.0,26850,0,0
610,1,0.128057,26850,0,0
611,2,0.3397222222222222,26850,0,0
612,1,0.0,62255,0,0
613,1,11.321928,62255,0,0
614,2,30.12261856926812,62255,0,0
615,1,0.0,278317,0,0
616,1,34.904139,278317,0,0
617,2,37.10141004774306,278317,0,0
618,1,0.0,317163,0,0
619,1,19.151571,317163,0,0
620,2,40.06409722222222,317163,0,0
621,1,0.0,317708,0,0
622,1,28.168804,317708,0,0
623,2,28.98361111111111,317708,0,0
624,1,0.0,220064,0,0
625,1,5.640597,220064,0,0
626,2,15.560396474202474,220064,0,0
627,1,0.0,110090,0,0
628,1,53.593007,110090,0,0
629,2,54.184305555555554,110090,0,0
630,1,0.0,67067,0,0
631,1,7.184661,67067,0,0
632,2,7.417669754028322,67067,0,0
633,1,0.0,161371,0,0
634,1,1.052876,161371,0,0
635,2,2.0029795074462893,161371,0,0
636,1,0.0,244556,0,0
637,1,12.921127,244556,0,0
638,2,39.26095947265625,244556,0,0
639,1,0.0,104106,0,0
640,1,24.504286,104106,0,0
641,2,29.118465923733176,104106,0,0
642,1,0.0,99033,0,0
643,1,3.976278,99033,0,0
644,2,5.919482862684462,99033,0,0
645,1,0.0,292566,0,0
646,1,31.449325,292566,0,0
647,2,31.853726942274307,292566,0,0
648,1,0.0,269581,0,0
649,1,2.811434,269581,0,0
650,2,26.592554964489413,269581,0,0
651,1,0.0,292016,0,0
652,1,27.224055,292016,0,0
653,2,38.238300221761065,292016,0,0
654,1,0.0,209359,0,0
655,1,10.440169,209359,0,0
656,2,68.67662000868056,209359,0,0
657,1,0.0,14905,0,0
658,1,11.159095,14905,0,0
659,2,12.517687827216257,14905,0,0
660,1,0.0,197048,0,0
661,1,1.125565,197048,0,0
662,2,1.538759774102105,197048,0,0
663,1,0.0,260727,0,0
664,1,9.096208,260727,0,0
665,2,23.462422858344183,260727,0,0
666,1,0.0,93858,0,0
667,1,15.79241,93858,0,0
668,2,40.66805241054959,93858,0,0
669,1,0.0,313810,0,0
670,1,28.413617,313810,0,0
671,2,31.15320569144355,313810,0,0
672,1,0.0,142233,0,0
673,1,32.550898,142233,0,0
674,2,44.45512037489149,142233,0,0
675,1,0.0,200080,0,0
676,1,5.305012,200080,0,0
677,2,10.672638888888889,200080,0,0
678,1,0.0,39845,0,0
679,1,23.683544,39845,0,0
680,2,30.42565690782335,39845,0,0
681,1,0.0,103832,0,0
682,1,12.726836,103832,0,0
683,2,16.52851860894097,103832,0,0
684,1,0.0,272495,0,0
685,1,0.825676,272495,0,0
686,2,7.274166666666667,272495,0,0
687,1,0.0,166251,0,0
688,1,17.184909,166251,0,0
689,2,28.366786024305554,166251,0,0
690,1,0.0,244,0,0
691,1,0.560074,244,0,0
692,2,0.6936111111111111,244,0,0
693,1,0.0,103051,0,0
694,1,12.027345,103051,0,0
695,2,30.03460615264045,103051,0,0
696,1,0.0,185137,0,0
697,1,2.265228,185137,0,0
698,2,21.578522046407063,185137,0,0
699,1,0.0,122697,0,0
700,1,26.224013,122697,0,0
701,2,36.3354296875,122697,0,0
702,1,0.0,130873,0,0
703,1,0.53853,130873,0,0
704,2,15.987222222222222,130873,0,0
705,1,0.0,134676,0,0
706,1,7.238168,134676,0,0
707,2,15.874144880506728,134676,0,0
708,1,0.0,99113,0,0
709,1,0.344146,99113,0,0
710,2,5.513895534939236,99113,0,0
711,1,0.0,128432,0,0
712,1,1.473695,128432,0,0
713,2,3.155578374862671,128432,0,0
714,1,0.0,131666,0,0
715,1,1.223996,131666,0,0
716,2,7.885515882703992,131666,0,0
717,1,0.0,100890,0,0
718,1,10.795695,100890,0,0
719,2,37.18213475545247,100890,0,0
720,1,0.0,322426,0,0
721,1,1.059473,322426,0,0
722,2,6.285581902398002,322426,0,0
723,1,0.0,240995,0,0
724,1,5.388599,240995,0,0
725,2,45.325048828125,240995,0,0
726,1,0.0,215930,0,0
727,1,0.4025,215930,0,0
728,2,53.07984920925564,215930,0,0
729,1,0.0,210443,0,0
730,1,4.463168,210443,0,0
731,2,9.400292358398438,210443,0,0
732,1,0.0,315243,0,0
733,1,0.113489,315243,0,0
734,2,0.5011018541124131,315243,0,0
735,1,0.0,321320,0,0
736,1,11.019766,321320,0,0
737,2,24.974659288194445,321320,0,0
738,1,0.0,53009,0,0
739,1,8.018011,53009,0,0
740,2,24.676171094046698,53009,0,0
741,1,0.0,182618,0,0
742,1,24.863533,182618,0,0
743,2,74.71916371663411,182618,0,0
744,1,0.0,134545,0,0
745,1,4.110664,134545,0,0
746,2,12.456125419404772,134545,0,0
747,1,0.0,25963,0,0
748,1,34.258295,25963,0,0
749,2,39.40870471530491,25963,0,0
750,1,0.0,128263,0,0
751,1,4.928624,128263,0,0
752,2,14.808729586071438,128263,0,0
753,1,0.0,321752,0,0
754,1,0.98789,321752,0,0
755,2,36.38225423177084,321752,0,0
756,1,0.0,150668,0,0
757,1,0.214703,150668,0,0
758,2,0.921009250217014,150668,0,0
759,1,0.0,120264,0,0
760,1,2.604633,120264,0,0
761,2,28.54367536756728,120264,0,0
762,1,0.0,37381,0,0
763,1,10.26135,37381,0,0
764,2,12.084818691677516,37381,0,0
765,1,0.0,76914,0,0
766,1,13.613836,76914,0,0
767,2,30.946595323350696,76914,0,0
768,1,0.0,255910,0,0
769,1,2.746842,255910,0,0
770,2,20.73459008110894,255910,0,0
771,1,0.0,279261,0,0
772,1,9.614887,279261,0,0
773,2,24.702113104926216,279261,0,0
774,1,0.0,298294,0,0
775,1,21.253937,298294,0,0
776,2,22.36186620076497,298294,0,0
777,1,0.0,301556,0,0
778,1,11.964246,301556,0,0
779,2,13.633622589111328,301556,0,0
780,1,0.0,128260,0,0
781,1,6.503052,128260,0,0
782,2,16.990638885498047,128260,0,0
783,1,0.0,210261,0,0
784,1,23.559566,210261,0,0
785,2,32.30465006510417,210261,0,0
786,1,0.0,19727,0,0
787,1,35.259331,19727,0,0
788,2,62.5212427605523,19727,0,0
789,1,0.0,327492,0,0
790,1,17.370863,327492,0,0
791,2,18.118802901373968,327492,0,0
792,1,0.0,92350,0,0
793,1,6.796631,92350,0,0
794,2,13.471678635279336,92350,0,0
795,1,0.0,167526,0,0
796,1,33.993817,167526,0,0
797,2,51.35130923695034,167526,0,0
798,1,0.0,180971,0,0
799,1,23.863536,180971,0,0
800,2,23.914481472439235,180971,0,0
801,1,0.0,303475,0,0
802,1,17.92862,303475,0,0
803,2,30.807931823730463,303475,0,0
804,1,0.0,209175,0,0
805,1,9.473604,209175,0,0
806,2,57.710383894178605,209175,0,0
807,1,0.0,245839,0,0
808,1,3.407141,245839,0,0
809,2,4.029957593282064,245839,0,0
810,1,0.0,325246,0,0
811,1,7.755377,325246,0,0
812,2,10.680546264648438,325246,0,0
813,1,0.0,122197,0,0
814,1,10.877637,122197,0,0
815,2,12.619884982638888,122197,0,0
816,1,0.0,36584,0,0
817,1,2.169154,36584,0,0
818,2,35.98756028917101,36584,0,0
819,1,0.0,239768,0,0
820,1,1.231674,239768,0,0
821,2,1.4654567803276912,239768,0,0
822,1,0.0,113692,0,0
823,1,37.924826,113692,0,0
824,2,38.60958401150174,113692,0,0
825,1,0.0,228513,0,0
826,1,0.345648,228513,0,0
827,2,0.9824117014143202,228513,0,0
828,1,0.0,259797,0,0
829,1,42.161166,259797,0,0
830,2,47.04751390245226,259797,0,0
831,1,0.0,63838,0,0
832,1,2.613744,63838,0,0
833,2,22.237984742058647,63838,0,0
834,1,0.0,262397,0,0
835,1,3.112124,262397,0,0
836,2,3.3102823893229165,262397,0,0
837,1,0.0,8480,0,0
838,1,59.798182,8480,0,0
839,2,61.43601833767361,8480,0,0
840,1,0.0,170811,0,0
841,1,25.345105,170811,0,0
842,2,62.744973483615446,170811,0,0
843,1,0.0,79192,0,0
844,1,2.604701,79192,0,0
845,2,40.27923611111111,79192,0,0
846,1,0.0,171059,0,0
847,1,7.064542,171059,0,0
848,2,40.28304578993056,171059,0,0
849,1,0.0,132377,0,0
850,1,5.88315,132377,0,0
851,2,10.2741697523329,132377,0,0
852,1,0.0,13544,0,0
853,1,20.624688,13544,0,0
854,2,26.546437827216256,13544,0,0
855,1,0.0,65879,0,0
856,1,37.34776,65879,0,0
857,2,54.63658675299751,65879,0,0
858,1,0.0,39349,0,0
859,1,0.043766,39349,0,0
860,2,22.52904269748264,39349,0,0
861,1,0.0,164999,0,0
862,1,0.016849,164999,0,0
863,2,0.557945170932346,164999,0,0
864,1,0.0,10366,0,0
865,1,7.267806,10366,0,0
866,2,30.74114312065972,10366,0,0
867,1,0.0,259359,0,0
868,1,37.050315,259359,0,0
869,2,39.45544310251872,259359,0,0
870,1,0.0,23655,0,0
871,1,6.717495,23655,0,0
872,2,20.79941253556145,23655,0,0
873,1,0.0,40665,0,0
874,1,0.407897,40665,0,0
875,2,36.405595236884224,40665,0,0
876,1,0.0,65799,0,0
877,1,29.172683,65799,0,0
878,2,34.545093789630464,65799,0,0
879,1,0.0,184979,0,0
880,1,16.715437,184979,0,0
881,2,31.04823566542731,184979,0,0
882,1,0.0,107988,0,0
883,1,1.098606,107988,0,0
884,2,16.696113925509984,107988,0,0
885,1,0.0,7383,0,0
886,1,14.232932,7383,0,0
887,2,36.97810449388293,7383,0,0
888,1,0.0,150199,0,0
889,1,2.452717,150199,0,0
890,2,3.134414058261448,150199,0,0
891,1,0.0,22570,0,0
892,1,1.60821,22570,0,0
893,2,2.736527777777778,22570,0,0
894,1,0.0,295331,0,0
895,1,20.850553,295331,0,0
896,2,40.95529318597582,295331,0,0
897,1,0.0,79760,0,0
898,1,14.77846,79760,0,0
899,2,32.26884364657932,79760,0,0
900,1,0.0,2731,0,0
901,1,2.018667,2731,0,0
902,2,4.329907362196181,2731,0,0
903,1,0.0,190840,0,0
904,1,5.908121,190840,0,0
905,2,15.062870373196072,190840,0,0
906,1,0.0,322014,0,0
907,1,22.574955,322014,0,0
908,2,26.10012552897136,322014,0,0
909,1,0.0,39783,0,0
910,1,4.17367,39783,0,0
911,2,11.277070719401042,39783,0,0
912,1,0.0,295806,0,0
913,1,2.543421,295806,0,0
914,2,11.875636138916017,295806,0,0
915,1,0.0,151929,0,0
916,1,9.34263,151929,0,0
917,2,17.607249993218318,151929,0,0
918,1,0.0,296142,0,0
919,1,7.165559,296142,0,0
920,2,11.370115592744614,296142,0,0
921,1,0.0,245998,0,0
922,1,2.139457,245998,0,0
923,2,3.463382907443577,245998,0,0
924,1,0.0,77529,0,0
925,1,5.679819,77529,0,0
926,2,66.86660434299044,77529,0,0
927,1,0.0,64291,0,0
928,1,10.604615,64291,0,0
929,2,23.16842556423611,64291,0,0
930,1,0.0,185256,0,0
931,1,14.340677,185256,0,0
932,2,21.657966490851507,185256,0,0
933,1,0.0,179291,0,0
934,1,13.521015,179291,0,0
935,2,20.89869823879666,179291,0,0
936,1,0.0,158688,0,0
937,1,18.559221,158688,0,0
938,2,50.18955563015408,158688,0,0
939,1,0.0,14243,0,0
940,1,25.390712,14243,0,0
941,2,32.28121904161241,14243,0,0
942,1,0.0,175925,0,0
943,1,12.499154,175925,0,0
944,2,13.439100443522136,175925,0,0
945,1,0.0,78782,0,0
946,1,11.021728,78782,0,0
947,2,18.18356472439236,78782,0,0
948,1,0.0,216776,0,0
949,1,28.183328,216776,0,0
950,2,55.49375901963976,216776,0,0
951,1,0.0,42365,0,0
952,1,11.87919,42365,0,0
953,2,12.891487698025175,42365,0,0
954,1,0.0,304071,0,0
955,1,9.613195,304071,0,0
956,2,12.038024732801649,304071,0,0
957,1,0.0,278860,0,0
958,1,29.572737,278860,0,0
959,2,64.41623053656684,278860,0,0
960,1,0.0,218343,0,0
961,1,7.302644,218343,0,0
962,2,18.4390072716607,218343,0,0
963,1,0.0,247787,0,0
964,1,2.722953,247787,0,0
965,2,14.42880554199219,247787,0,0
966,1,0.0,167073,0,0
967,1,9.446671,167073,0,0
968,2,19.3222402742174,167073,0,0
969,1,0.0,325320,0,0
970,1,4.071802,325320,0,0
971,2,20.76397223578559,325320,0,0
972,1,0.0,270112,0,0
973,1,11.887758,270112,0,0
974,2,24.27090091175503,270112,0,0
975,1,0.0,176256,0,0
976,1,13.101218,176256,0,0
977,2,33.38969687461854,176256,0,0
978,1,0.0,46333,0,0
979,1,7.34024,46333,0,0
980,2,7.733519863552518,46333,0,0
981,1,0.0,293681,0,0
982,1,32.191615,293681,0,0
983,2,37.985720520019534,293681,0,0
984,1,0.0,239688,0,0
985,1,18.66406,239688,0,0
986,2,18.67024227566189,239688,0,0
987,1,0.0,72756,0,0
988,1,0.1833,72756,0,0
989,2,1.4977602619595,72756,0,0
990,1,0.0,148653,0,0
991,1,0.292096,148653,0,0
992,2,0.7606650797526041,148653,0,0
993,1,0.0,305912,0,0
994,1,1.683266,305912,0,0
995,2,18.703524186876084,305912,0,0
996,1,0.0,115964,0,0
997,1,9.89314,115964,0,0
998,2,77.78215089586045,115964,0,0
999,1,0.0,94784,0,0
1000,1,20.157586,94784,0,0
1001,2,45.74259063614739,94784,0,0
1002,1,0.0,187506,0,0
1003,1,1.262337,187506,0,0
1004,2,3.5187447230021154,187506,0,0
1005,1,0.0,196682,0,0
1006,1,4.673561,196682,0,0
1007,2,17.330506829155816,196682,0,0
1008,1,0.0,142079,0,0
1009,1,37.682485,142079,0,0
1010,2,44.40789815266927,142079,0,0
1011,1,0.0,202881,0,0
1012,1,3.950791,202881,0,0
1013,2,25.35866390652127,202881,0,0
1014,1,0.0,536,0,0
1015,1,2.528957,536,0,0
1016,2,6.016111111111111,536,0,0
1017,1,0.0,36481,0,0
1018,1,11.740828,36481,0,0
1019,2,35.87977647569444,36481,0,0
1020,1,0.0,185372,0,0
1021,1,0.190112,185372,0,0
1022,2,4.703486141628689,185372,0,0
1023,1,0.0,248710,0,0
1024,1,0.490698,248710,0,0
1025,2,2.128226202858819,248710,0,0
1026,1,0.0,254,0,0
1027,1,0.263134,254,0,0
1028,2,0.4398148261176215,254,0,0
1029,1,0.0,249964,0,0
1030,1,58.175893,249964,0,0
1031,2,69.80296440972222,249964,0,0
1032,1,0.0,14390,0,0
1033,1,3.471322,14390,0,0
1034,2,8.84361111111111,14390,0,0
1035,1,0.0,119064,0,0
1036,1,7.02186,119064,0,0
1037,2,9.594027777777775,119064,0,0
1038,1,0.0,34797,0,0
1039,1,10.566478,34797,0,0
1040,2,49.38081673516167,34797,0,0
1041,1,0.0,36431,0,0
1042,1,22.591975,36431,0,0
1043,2,31.088734809027777,36431,0,0
1044,1,0.0,71663,0,0
1045,1,0.866149,71663,0,0
1046,2,3.970067486233181,71663,0,0
1047,1,0.0,2310,0,0
1048,1,2.690591,2310,0,0
1049,2,19.08433892144097,2310,0,0
1050,1,0.0,264671,0,0
1051,1,6.803342,264671,0,0
1052,2,7.249442460801866,264671,0,0
1053,1,0.0,176146,0,0
1054,1,21.212701,176146,0,0
1055,2,32.280958777533634,176146,0,0
1056,1,0.0,111891,0,0
1057,1,7.005923,111891,0,0
1058,2,19.150694444444444,111891,0,0
1059,1,0.0,240031,0,0
1060,1,1.41353,240031,0,0
1061,2,15.4294576687283,240031,0,0
1062,1,0.0,320534,0,0
1063,1,16.712235,320534,0,0
1064,2,22.584661458333333,320534,0,0
1065,1,0.0,206941,0,0
1066,1,7.508288,206941,0,0
1067,2,44.36777903238932,206941,0,0
1068,1,0.0,170610,0,0
1069,1,3.706058,170610,0,0
1070,2,41.129140625,170610,0,0
1071,1,0.0,142250,0,0
1072,1,33.386625,142250,0,0
1073,2,44.31532335069444,142250,0,0
1074,1,0.0,201960,0,0
1075,1,26.809895,201960,0,0
1076,2,32.66701619360182,201960,0,0
1077,1,0.0,216379,0,0
1078,1,6.403607,216379,0,0
1079,2,17.061463351779516,216379,0,0
1080,1,0.0,331825,0,0
1081,1,18.839437,331825,0,0
1082,2,60.940364243189485,331825,0,0
1083,1,0.0,119440,0,0
1084,1,2.921613,119440,0,0
1085,2,17.64976850721571,119440,0,0
1086,1,0.0,12127,0,0
1087,1,2.452619,12127,0,0
1088,2,30.05451924641927,12127,0,0
1089,1,0.0,163805,0,0
1090,1,31.528759,163805,0,0
1091,2,32.359073893229166,163805,0,0
1092,1,0.0,325459,0,0
1093,1,21.841015,325459,0,0
1094,2,25.494574449327256,325459,0,0
1095,1,0.0,236564,0,0
1096,1,4.701374,236564,0,0
1097,2,7.621527777777778,236564,0,0
1098,1,0.0,329521,0,0
1099,1,10.560694,329521,0,0
1100,2,29.78614158630371,329521,0,0
1101,1,0.0,103934,0,0
1102,1,12.221715,103934,0,0
1103,2,16.665555555555557,103934,0,0
1104,1,0.0,131295,0,0
1105,1,28.788543,131295,0,0
1106,2,34.09649956597222,131295,0,0
1107,1,0.0,253511,0,0
1108,1,4.454996,253511,0,0
1109,2,28.96662753211128,253511,0,0
1110,1,0.0,60211,0,0
1111,1,19.989904,60211,0,0
1112,2,25.11334350585938,60211,0,0
1113,1,0.0,299563,0,0
1114,1,82.508539,299563,0,0
1115,2,116.95480528089736,299563,0,0
1116,1,0.0,17503,0,0
1117,1,22.774306,17503,0,0
1118,2,26.83163155025906,17503,0,0
1119,1,0.0,222961,0,0
1120,1,18.379261,222961,0,0
1121,2,41.2723878648546,222961,0,0
1122,1,0.0,155407,0,0
1123,1,16.300875,155407,0,0
1124,2,58.53255773756239,155407,0,0
1125,1,0.0,149123,0,0
1126,1,10.034018,149123,0,0
1127,2,18.407277442084418,149123,0,0
1128,1,0.0,136475,0,0
1129,1,0.640104,136475,0,0
1130,2,1.4618055555555556,136475,0,0
1131,1,0.0,118322,0,0
1132,1,1.135686,118322,0,0
1133,2,2.0996296289232044,118322,0,0
1134,1,0.0,160570,0,0
1135,1,21.56467,160570,0,0
1136,2,38.89879516601562,160570,0,0
1137,1,0.0,89419,0,0
1138,1,1.006752,89419,0,0
1139,2,1.0243780856662326,89419,0,0
1140,1,0.0,263327,0,0
1141,1,11.606086,263327,0,0
1142,2,15.475643276638454,263327,0,0
1143,1,0.0,278853,0,0
1144,1,3.138847,278853,0,0
1145,2,8.592572733561198,278853,0,0
1146,1,0.0,293382,0,0
1147,1,20.487302,293382,0,0
1148,2,35.20417795393202,293382,0,0
1149,1,0.0,219656,0,0
1150,1,0.777374,219656,0,0
1151,2,36.77913492732578,219656,0,0
1152,1,0.0,209071,0,0
1153,1,41.950094,209071,0,0
1154,2,51.76169867621528,209071,0,0
1155,1,0.0,220893,0,0
1156,1,2.033771,220893,0,0
1157,2,24.188381008572048,220893,0,0
1158,1,0.0,148455,0,0
1159,1,41.702118,148455,0,0
1160,2,54.070259991751776,148455,0,0
1161,1,0.0,4417,0,0
1162,1,1.612951,4417,0,0
1163,2,3.150138888888889,4417,0,0
1164,1,0.0,332375,0,0
1165,1,11.654651,332375,0,0
1166,2,73.54454281277127,332375,0,0
1167,1,0.0,266559,0,0
1168,1,0.464454,266559,0,0
1169,2,2.2319391674465603,266559,0,0
1170,1,0.0,161078,0,0
1171,1,9.567248,161078,0,0
1172,2,38.19704752604167,161078,0,0
1173,1,0.0,239813,0,0
1174,1,0.962108,239813,0,0
1175,2,1.3311519622802734,239813,0,0
1176,1,0.0,87003,0,0
1177,1,25.866272,87003,0,0
1178,2,27.76486083984375,87003,0,0
1179,1,0.0,96471,0,0
1180,1,10.421634,96471,0,0
1181,2,30.2578845553928,96471,0,0
1182,1,0.0,78851,0,0
1183,1,13.800786,78851,0,0
1184,2,25.8728125,78851,0,0
1185,1,0.0,194604,0,0
1186,1,4.180085,194604,0,0
1187,2,11.20172225104438,194604,0,0
1188,1,0.0,290209,0,0
1189,1,39.312626,290209,0,0
1190,2,76.52073215060764,290209,0,0
1191,1,0.0,98593,0,0
1192,1,0.09028,98593,0,0
1193,2,1.3482870366838244,98593,0,0
1194,1,0.0,58937,0,0
1195,1,1.924442,58937,0,0
1196,2,2.9394373575846355,58937,0,0
1197,1,0.0,106248,0,0
1198,1,29.14465,106248,0,0
1199,2,39.15176198323568,106248,0,0
1200,1,0.0,94543,0,0
1201,1,7.731416,94543,0,0
1202,2,43.69338975694444,94543,0,0
1203,1,0.0,93664,0,0
1204,1,0.803282,93664,0,0
1205,2,1.242152777777778,93664,0,0
1206,1,0.0,59367,0,0
1207,1,1.32878,59367,0,0
1208,2,32.490138888888886,59367,0,0
1209,1,0.0,121188,0,0
1210,1,6.849691,121188,0,0
1211,2,21.954481654696995,121188,0,0
1212,1,0.0,261379,0,0
1213,1,4.891982,261379,0,0
1214,2,26.90420138888889,261379,0,0
1215,1,0.0,132757,0,0
1216,1,30.851823,132757,0,0
1217,2,32.35631491767035,132757,0,0
1218,1,0.0,241585,0,0
1219,1,3.701908,241585,0,0
1220,2,8.044979383680555,241585,0,0
1221,1,0.0,84115,0,0
1222,1,4.586914,84115,0,0
1223,2,13.83533603138394,84115,0,0
1224,1,0.0,105258,0,0
1225,1,28.061802,105258,0,0
1226,2,64.49958614773222,105258,0,0
1227,1,0.0,164162,0,0
1228,1,19.31099,164162,0,0
1229,2,32.90226833767361,164162,0,0
1230,1,0.0,127382,0,0
1231,1,9.995199,127382,0,0
1232,2,34.132323557535805,127382,0,0
1233,1,0.0,251296,0,0
1234,1,11.761167,251296,0,0
1235,2,35.84189778645833,251296,0,0
1236,1,0.0,17934,0,0
1237,1,0.075899,17934,0,0
1238,2,1.845479507446289,17934,0,0
1239,1,0.0,71410,0,0
1240,1,29.038854,71410,0,0
1241,2,97.53424262152778,71410,0,0
1242,1,0.0,95802,0,0
1243,1,22.186435,95802,0,0
1244,2,23.3616942331526,95802,0,0
1245,1,0.0,134822,0,0
1246,1,7.901197,134822,0,0
1247,2,16.72597222222222,134822,0,0
1248,1,0.0,187097,0,0
1249,1,14.723976,187097,0,0
1250,2,17.745876651340062,187097,0,0
1251,1,0.0,291434,0,0
1252,1,47.379376,291434,0,0
1253,2,54.98633606804741,291434,0,0
1254,1,0.0,118107,0,0
1255,1,9.185168,118107,0,0
1256,2,13.77126430829366,118107,0,0
1257,1,0.0,325299,0,0
1258,1,2.548892,325299,0,0
1259,2,23.982419941160416,325299,0,0
1260,1,0.0,28893,0,0
1261,1,8.588661,28893,0,0
1262,2,8.61138888888889,28893,0,0
1263,1,0.0,18687,0,0
1264,1,8.02139,18687,0,0
1265,2,32.84703721788195,18687,0,0
1266,1,0.0,51558,0,0
1267,1,1.083561,51558,0,0
1268,2,2.3291712782118057,51558,0,0
1269,1,0.0,140922,0,0
1270,1,2.21015,140922,0,0
1271,2,3.032628953721788,140922,0,0
1272,1,0.0,325735,0,0
1273,1,25.068652,325735,0,0
1274,2,25.985208333333333,325735,0,0
1275,1,0.0,79095,0,0
1276,1,14.549867,79095,0,0
1277,2,21.1409170182546,79095,0,0
1278,1,0.0,139737,0,0
1279,1,0.432568,139737,0,0
1280,2,0.5729734187655978,139737,0,0
1281,1,0.0,193872,0,0
1282,1,21.212882,193872,0,0
1283,2,22.463694847954645,193872,0,0
1284,1,0.0,251365,0,0
1285,1,55.13716,251365,0,0
1286,2,56.3007421875,251365,0,0
1287,1,0.0,333242,0,0
1288,1,11.657137,333242,0,0
1289,2,12.282735358344183,333242,0,0
1290,1,0.0,17319,0,0
1291,1,1.976012,17319,0,0
1292,2,55.73659701877168,17319,0,0
1293,1,0.0,36457,0,0
1294,1,11.19377,36457,0,0
1295,2,13.640277777777778,36457,0,0
1296,1,0.0,50066,0,0
1297,1,6.731449,50066,0,0
1298,2,40.13732425265842,50066,0,0
1299,1,0.0,119225,0,0
1300,1,1.224464,119225,0,0
1301,2,5.625694444444444,119225,0,0
1302,1,0.0,144567,0,0
1303,1,9.178467,144567,0,0
1304,2,23.03521809895833,144567,0,0
1305,1,0.0,113362,0,0
1306,1,0.028683,113362,0,0
1307,2,0.8038248019748264,113362,0,0
1308,1,0.0,90068,0,0
1309,1,5.399071,90068,0,0
1310,2,12.379998016357424,90068,0,0
1311,1,0.0,75666,0,0
1312,1,10.153358,75666,0,0
1313,2,32.953526967366535,75666,0,0
1314,1,0.0,139654,0,0
1315,1,10.201998,139654,0,0
1316,2,11.614987680647108,139654,0,0
1317,1,0.0,160088,0,0
1318,1,9.858258,160088,0,0
1319,2,52.89404947916667,160088,0,0
1320,1,0.0,212266,0,0
1321,1,9.448405,212266,0,0
1322,2,42.12600598865085,212266,0,0
1323,1,0.0,86595,0,0
1324,1,16.795349,86595,0,0
1325,2,30.715299453735355,86595,0,0
1326,1,0.0,292892,0,0
1327,1,16.121251,292892,0,0
1328,2,30.24159575568305,292892,0,0
1329,1,0.0,149127,0,0
1330,1,3.563854,149127,0,0
1331,2,7.897633921305339,149127,0,0
1332,1,0.0,6142,0,0
1333,1,0.364826,6142,0,0
1334,2,0.4567052427927653,6142,0,0
1335,1,0.0,121,0,0
1336,1,29.711953,121,0,0
1337,2,58.05783203125,121,0,0
1338,1,0.0,97303,0,0
1339,1,20.8004,97303,0,0
1340,2,28.03549541897244,97303,0,0
1341,1,0.0,165292,0,0
1342,1,16.17788,165292,0,0
1343,2,41.42108134799533,165292,0,0
1344,1,0.0,236127,0,0
1345,1,7.771519,236127,0,0
1346,2,23.02257041083442,236127,0,0
1347,1,0.0,230930,0,0
1348,1,1.795878,230930,0,0
1349,2,14.475248074001737,230930,0,0
1350,1,0.0,319141,0,0
1351,1,4.442773,319141,0,0
1352,2,8.721457968817816,319141,0,0
1353,1,0.0,119672,0,0
1354,1,8.714907,119672,0,0
1355,2,18.730348069932727,119672,0,0
1356,1,0.0,62588,0,0
1357,1,9.182102,62588,0,0
1358,2,29.25032451205784,62588,0,0
1359,1,0.0,328452,0,0
1360,1,12.447054,328452,0,0
1361,2,22.752614914576213,328452,0,0
1362,1,0.0,10103,0,0
1363,1,0.774261,10103,0,0
1364,2,26.73210905287001,10103,0,0
1365,1,0.0,212063,0,0
1366,1,24.375411,212063,0,0
1367,2,41.967255988650855,212063,0,0
1368,1,0.0,14011,0,0
1369,1,27.333216,14011,0,0
1370,2,38.569375,14011,0,0
1371,1,0.0,306853,0,0
1372,1,2.06458,306853,0,0
1373,2,2.543972248501248,306853,0,0
1374,1,0.0,266354,0,0
1375,1,3.172585,266354,0,0
1376,2,3.321267204284668,266354,0,0
1377,1,0.0,80538,0,0
1378,1,16.608304,80538,0,0
1379,2,25.46503684149848,80538,0,0
1380,1,0.0,252419,0,0
1381,1,17.432843,252419,0,0
1382,2,39.23341281467014,252419,0,0
1383,1,0.0,202158,0,0
1384,1,5.595612,202158,0,0
1385,2,28.793573954900104,202158,0,0
1386,1,0.0,36341,0,0
1387,1,3.489111,36341,0,0
1388,2,79.0642896185981,36341,0,0
1389,1,0.0,78451,0,0
1390,1,10.111428,78451,0,0
1391,2,30.69412000868056,78451,0,0
1392,1,0.0,11790,0,0
1393,1,49.004896,11790,0,0
1394,2,63.41667322794597,11790,0,0
1395,1,0.0,111119,0,0
1396,1,1.377866,111119,0,0
1397,2,2.8081625355614555,111119,0,0
1398,1,0.0,172681,0,0
1399,1,2.659425,172681,0,0
1400,2,10.700363108317058,172681,0,0
1401,1,0.0,264967,0,0
1402,1,0.931389,264967,0,0
1403,2,1.077727508544922,264967,0,0
1404,1,0.0,24723,0,0
1405,1,15.277031,24723,0,0
1406,2,31.68621422661676,24723,0,0
1407,1,0.0,311918,0,0
1408,1,1.970919,311918,0,0
1409,2,24.189889322916667,311918,0,0
1410,1,0.0,286880,0,0
1411,1,16.211563,286880,0,0
1412,2,29.54831549750434,286880,0,0
1413,1,0.0,141730,0,0
1414,1,7.939205,141730,0,0
1415,2,18.10787027994792,141730,0,0
1416,1,0.0,12886,0,0
1417,1,12.358772,12886,0,0
1418,2,66.95660146077473,12886,0,0
1419,1,0.0,327978,0,0
1420,1,10.672121,327978,0,0
1421,2,22.88285135904948,327978,0,0
1422,1,0.0,3860,0,0
1423,1,15.065942,3860,0,0
1424,2,18.1230552842882,3860,0,0
1425,1,0.0,268220,0,0
1426,1,7.975295,268220,0,0
1427,2,51.08900841606989,268220,0,0
1428,1,0.0,132252,0,0
1429,1,27.244437,132252,0,0
1430,2,31.094166666666663,132252,0,0
1431,1,0.0,308833,0,0
1432,1,1.304781,308833,0,0
1433,2,2.337738795810276,308833,0,0
1434,1,0.0,63361,0,0
1435,1,7.539898,63361,0,0
1436,2,23.23259531656901,63361,0,0
1437,1,0.0,293091,0,0
1438,1,31.757495,293091,0,0
1439,2,50.726932152642135,293091,0,0
1440,1,0.0,126748,0,0
1441,1,2.032322,126748,0,0
1442,2,19.6092625257704,126748,0,0
1443,1,0.0,282067,0,0
1444,1,0.432291,282067,0,0
1445,2,10.380237172444662,282067,0,0
1446,1,0.0,37411,0,0
1447,1,0.51212,37411,0,0
1448,2,15.933435668945313,37411,0,0
1449,1,0.0,285830,0,0
1450,1,61.720063,285830,0,0
1451,2,62.703264058431,285830,0,0
1452,1,0.0,281757,0,0
1453,1,1.303475,281757,0,0
1454,2,2.5292870484458074,281757,0,0
1455,1,0.0,42390,0,0
1456,1,10.120105,42390,0,0
1457,2,12.24045048183865,42390,0,0
1458,1,0.0,245040,0,0
1459,1,7.369756,245040,0,0
1460,2,12.819536675347225,245040,0,0
1461,1,0.0,122276,0,0
1462,1,0.561475,122276,0,0
1463,2,0.8188888888888889,122276,0,0
1464,1,0.0,226798,0,0
1465,1,8.274405,226798,0,0
1466,2,39.3188227335612,226798,0,0
1467,1,0.0,115961,0,0
1468,1,12.525403,115961,0,0
1469,2,87.45327777438693,115961,0,0
1470,1,0.0,263842,0,0
1471,1,21.045193,263842,0,0
1472,2,31.28167541503906,263842,0,0
1473,1,0.0,104223,0,0
1474,1,17.85501,104223,0,0
1475,2,39.887375318739146,104223,0,0
1476,1,0.0,200422,0,0
1477,1,7.600793,200422,0,0
1478,2,11.972749700546265,200422,0,0
1479,1,0.0,80920,0,0
1480,1,10.235636,80920,0,0
1481,2,15.801925252278648,80920,0,0
1482,1,0.0,52678,0,0
1483,1,0.765591,52678,0,0
1484,2,1.5507446967230902,52678,0,0
1485,1,0.0,59437,0,0
1486,1,0.00118,59437,0,0
1487,2,10.958033769395616,59437,0,0
1488,1,0.0,125181,0,0
1489,1,7.882437,125181,0,0
1490,2,12.286624247233071,125181,0,0
1491,1,0.0,161175,0,0
1492,1,14.317309,161175,0,0
1493,2,20.162423951890734,161175,0,0
1494,1,0.0,100506,0,0
1495,1,0.009608,100506,0,0
1496,2,0.48875,100506,0,0
1497,1,0.0,223479,0,0
1498,1,3.827041,223479,0,0
1499,2,4.775813462999132,223479,0,0
1500,1,0.0,143971,0,0
1501,1,1.910167,143971,0,0
1502,2,12.405836622450089,143971,0,0
1503,1,0.0,186248,0,0
1504,1,16.019447,186248,0,0
1505,2,17.629900792439777,186248,0,0
1506,1,0.0,144713,0,0
1507,1,5.481881,144713,0,0
1508,2,17.466468098958334,144713,0,0
1509,1,0.0,13452,0,0
1510,1,8.654754,13452,0,0
1511,2,30.457822705374824,13452,0,0
1512,1,0.0,130155,0,0
1513,1,0.479967,130155,0,0
1514,2,1.531241182751126,130155,0,0
1515,1,0.0,166103,0,0
1516,1,23.729518,166103,0,0
1517,2,28.761050974528,166103,0,0
1518,1,0.0,14731,0,0
1519,1,18.647192,14731,0,0
1520,2,56.19437311808269,14731,0,0
1521,1,0.0,210938,0,0
1522,1,20.163869,210938,0,0
1523,2,25.8473760816786,210938,0,0
1524,1,0.0,73174,0,0
1525,1,5.253891,73174,0,0
1526,2,14.51421822441949,73174,0,0
1527,1,0.0,26154,0,0
1528,1,12.070475,26154,0,0
1529,2,20.99045388115777,26154,0,0
1530,1,0.0,332443,0,0
1531,1,0.382422,332443,0,0
1532,2,0.8205190022786458,332443,0,0
1533,1,0.0,6975,0,0
1534,1,4.803509,6975,0,0
1535,2,18.50587972005208,6975,0,0
1536,1,0.0,320919,0,0
1537,1,9.540731,320919,0,0
1538,2,29.175954157511395,320919,0,0
1539,1,0.0,80573,0,0
1540,1,6.774004,80573,0,0
1541,2,69.19087944878473,80573,0,0
1542,1,0.0,219769,0,0
1543,1,5.095319,219769,0,0
1544,2,7.102063496907552,219769,0,0
1545,1,0.0,198730,0,0
1546,1,2.163334,198730,0,0
1547,2,6.656883332994249,198730,0,0
1548,1,0.0,298963,0,0
1549,1,19.672719,298963,0,0
1550,2,23.863982849121093,298963,0,0
1551,1,0.0,181619,0,0
1552,1,14.509808,181619,0,0
1553,2,17.646832411024306,181619,0,0
1554,1,0.0,56852,0,0
1555,1,19.811285,56852,0,0
1556,2,21.01710316975912,56852,0,0
1557,1,0.0,123122,0,0
1558,1,29.614369,123122,0,0
1559,2,45.149944441053606,123122,0,0
1560,1,0.0,174424,0,0
1561,1,0.40231,174424,0,0
1562,2,3.1787614780002165,174424,0,0
1563,1,0.0,147367,0,0
1564,1,26.608045,147367,0,0
1565,2,32.60407335069444,147367,0,0
1566,1,0.0,299172,0,0
1567,1,4.915308,299172,0,0
1568,2,22.374034457736546,299172,0,0
1569,1,0.0,221524,0,0
1570,1,9.497283,221524,0,0
1571,2,10.275975307888457,221524,0,0
1572,1,0.0,122232,0,0
1573,1,0.432801,122232,0,0
1574,2,1.1036979166666667,122232,0,0
1575,1,0.0,277198,0,0
1576,1,70.464926,277198,0,0
1577,2,89.03660135904948,277198,0,0
1578,1,0.0,328319,0,0
1579,1,3.158195,328319,0,0
1580,2,10.244732970131768,328319,0,0
1581,1,0.0,204655,0,0
1582,1,5.280536,204655,0,0
1583,2,14.707083231608072,204655,0,0
1584,1,0.0,299714,0,0
1585,1,4.138594,299714,0,0
1586,2,82.77549587673612,299714,0,0
1587,1,0.0,255316,0,0
1588,1,11.436518,255316,0,0
1589,2,18.73811856587728,255316,0,0
1590,1,0.0,234863,0,0
1591,1,38.903816,234863,0,0
1592,2,44.852577684190535,234863,0,0
1593,1,0.0,289461,0,0
1594,1,24.057164,289461,0,0
1595,2,48.966443087259925,289461,0,0
1596,1,0.0,313195,0,0
1597,1,8.686657,313195,0,0
1598,2,70.24743055555555,313195,0,0
1599,1,0.0,313543,0,0
1600,1,1.841375,313543,0,0
1601,2,30.975325419108074,313543,0,0
1602,1,0.0,65119,0,0
1603,1,0.570456,65119,0,0
1604,2,0.6691301133897569,65119,0,0
1605,1,0.0,38620,0,0
1606,1,21.587071,38620,0,0
1607,2,26.624667002360027,38620,0,0
1608,1,0.0,131201,0,0
1609,1,27.222963,131201,0,0
1610,2,34.230770399305555,131201,0,0
1611,1,0.0,273002,0,0
1612,1,0.58699,273002,0,0
1613,2,8.074183163113064,273002,0,0
1614,1,0.0,183201,0,0
1615,1,5.077602,183201,0,0
1616,2,84.19169477674696,183201,0,0
1617,1,0.0,284157,0,0
1618,1,10.096838,284157,0,0
1619,2,23.31713072035048,284157,0,0
1620,1,0.0,138031,0,0
1621,1,34.900172,138031,0,0
1622,2,44.79677691989475,138031,0,0
1623,1,0.0,272210,0,0
1624,1,12.505307,272210,0,0
1625,2,17.10078676011827,272210,0,0
1626,1,0.0,150755,0,0
1627,1,24.15818,150755,0,0
1628,2,26.93367694430881,150755,0,0
1629,1,0.0,323491,0,0
1630,1,12.634535,323491,0,0
1631,2,27.24027513292101,323491,0,0
1632,1,0.0,212428,0,0
1633,1,33.952288,212428,0,0
1634,2,34.7325,212428,0,0
1635,1,0.0,103687,0,0
1636,1,13.130519,103687,0,0
1637,2,17.824595301946005,103687,0,0
1638,1,0.0,308164,0,0
1639,1,16.988989,308164,0,0
1640,2,53.19245442708333,308164,0,0
1641,1,0.0,179879,0,0
1642,1,2.157297,179879,0,0
1643,2,4.302355163362291,179879,0,0
1644,1,0.0,200762,0,0
1645,1,1.694052,200762,0,0
1646,2,5.073333333333333,200762,0,0
1647,1,0.0,326007,0,0
1648,1,5.540608,326007,0,0
1649,2,14.19667663574219,326007,0,0
1650,1,0.0,276654,0,0
1651,1,0.171851,276654,0,0
1652,2,26.006805555555555,276654,0,0
1653,1,0.0,277048,0,0
1654,1,3.718744,277048,0,0
1655,2,27.069478522406683,277048,0,0
1656,1,0.0,293553,0,0
1657,1,37.61855,293553,0,0
1658,2,45.428125851949055,293553,0,0
1659,1,0.0,141550,0,0
1660,1,2.825702,141550,0,0
1661,2,14.105555555555556,141550,0,0
1662,1,0.0,43270,0,0
1663,1,20.228572,43270,0,0
1664,2,26.140866936577687,43270,0,0
1665,1,0.0,13892,0,0
1666,1,2.751843,13892,0,0
1667,2,10.46900858561198,13892,0,0
1668,1,0.0,40937,0,0
1669,1,6.088949,40937,0,0
1670,2,15.668780856662329,40937,0,0
1671,1,0.0,250989,0,0
1672,1,15.69669,250989,0,0
1673,2,58.98282587687174,250989,0,0
1674,1,0.0,79206,0,0
1675,1,0.184717,79206,0,0
1676,2,0.43625,79206,0,0
1677,1,0.0,8074,0,0
1678,1,1.972127,8074,0,0
1679,2,44.74399217393663,8074,0,0
1680,1,0.0,134075,0,0
1681,1,10.269642,134075,0,0
1682,2,31.315034902360704,134075,0,0
1683,1,0.0,17245,0,0
1684,1,1.014558,17245,0,0
1685,2,29.34776587486267,17245,0,0
1686,1,0.0,270627,0,0
1687,1,40.344622,270627,0,0
1688,2,85.41214987860785,270627,0,0
1689,1,0.0,215380,0,0
1690,1,59.351053,215380,0,0
1691,2,89.81200931125217,215380,0,0
1692,1,0.0,11810,0,0
1693,1,18.662214,11810,0,0
1694,2,60.99519183688694,11810,0,0
1695,1,0.0,46806,0,0
1696,1,14.552879,46806,0,0
1697,2,40.2764416164822,46806,0,0
1698,1,0.0,216151,0,0
1699,1,2.052681,216151,0,0
1700,2,17.1175784640842,216151,0,0
1701,1,0.0,243361,0,0
1702,1,8.417373,243361,0,0
1703,2,29.169662085639107,243361,0,0
1704,1,0.0,183021,0,0
1705,1,95.136407,183021,0,0
1706,2,103.24665618896483,183021,0,0
1707,1,0.0,49220,0,0
1708,1,0.574179,49220,0,0
1709,2,1.1775595092773437,49220,0,0
1710,1,0.0,109848,0,0
1711,1,18.927534,109848,0,0
1712,2,24.313414069281684,109848,0,0
1713,1,0.0,36848,0,0
1714,1,11.772469,36848,0,0
1715,2,22.794114905463324,36848,0,0
1716,1,0.0,188799,0,0
1717,1,16.503772,188799,0,0
1718,2,22.262533365885417,188799,0,0
1719,1,0.0,97380,0,0
1720,1,20.836168,97380,0,0
1721,2,28.875786268446177,97380,0,0
1722,1,0.0,70018,0,0
1723,1,25.39279,70018,0,0
1724,2,60.43247233072917,70018,0,0
1725,1,0.0,280292,0,0
1726,1,21.732355,280292,0,0
1727,2,29.49299541897244,280292,0,0
1728,1,0.0,92832,0,0
1729,1,4.569702,92832,0,0
1730,2,6.373009236653646,92832,0,0
1731,1,0.0,293192,0,0
1732,1,26.694062,293192,0,0
1733,2,29.98880324469672,293192,0,0
1734,1,0.0,71406,0,0
1735,1,43.969982,71406,0,0
1736,2,99.53005447281733,71406,0,0
1737,1,0.0,4686,0,0
1738,1,9.094568,4686,0,0
1739,2,21.92083333333333,4686,0,0
1740,1,0.0,234806,0,0
1741,1,19.951695,234806,0,0
1742,2,31.62393721262614,234806,0,0
1743,1,0.0,97004,0,0
1744,1,2.403209,97004,0,0
1745,2,11.138388307359484,97004,0,0
1746,1,0.0,259060,0,0
1747,1,33.155406,259060,0,0
1748,2,63.95049004448785,259060,0,0
1749,1,0.0,117125,0,0
1750,1,0.072515,117125,0,0
1751,2,0.1433333333333333,117125,0,0
1752,1,0.0,198076,0,0
1753,1,0.642165,198076,0,0
1754,2,2.4434259202745228,198076,0,0
1755,1,0.0,321232,0,0
1756,1,16.122221,321232,0,0
1757,2,16.482222222222223,321232,0,0
1758,1,0.0,87160,0,0
1759,1,7.053684,87160,0,0
1760,2,9.624201388888888,87160,0,0
1761,1,0.0,117755,0,0
1762,1,0.223953,117755,0,0
1763,2,22.99095960828993,117755,0,0
1764,1,0.0,35807,0,0
1765,1,1.051686,35807,0,0
1766,2,1.4704197523328992,35807,0,0
1767,1,0.0,241664,0,0
1768,1,3.752601,241664,0,0
1769,2,40.607462682724,241664,0,0
1770,1,0.0,146096,0,0
1771,1,31.562687,146096,0,0
1772,2,33.81958929485745,146096,0,0
1773,1,0.0,257215,0,0
1774,1,18.533717,257215,0,0
1775,2,21.64481472439236,257215,0,0
1776,1,0.0,196305,0,0
1777,1,0.474949,196305,0,0
1778,2,1.0154887665642631,196305,0,0
1779,1,0.0,43740,0,0
1780,1,1.028595,43740,0,0
1781,2,1.048800252278646,43740,0,0
1782,1,0.0,309011,0,0
1783,1,1.203573,309011,0,0
1784,2,1.7818095355563697,309011,0,0
1785,1,0.0,83360,0,0
1786,1,6.911233,83360,0,0
1787,2,11.691411946614584,83360,0,0
1788,1,0.0,55020,0,0
1789,1,35.15977,55020,0,0
1790,2,40.07965091175503,55020,0,0
1791,1,0.0,195133,0,0
1792,1,21.518626,195133,0,0
1793,2,34.072613661024306,195133,0,0
1794,1,0.0,326941,0,0
1795,1,16.326287,326941,0,0
1796,2,26.47800304730733,326941,0,0
1797,1,0.0,114288,0,0
1798,1,17.536107,114288,0,0
1799,2,18.95855295817057,114288,0,0
1800,1,0.0,75777,0,0
1801,1,22.474288,75777,0,0
1802,2,33.33251422458225,75777,0,0
1803,1,0.0,310428,0,0
1804,1,0.342006,310428,0,0
1805,2,0.7214173889160155,310428,0,0
1806,1,0.0,254623,0,0
1807,1,0.275444,254623,0,0
1808,2,0.3080952337053086,254623,0,0
1809,1,0.0,93687,0,0
1810,1,0.094489,93687,0,0
1811,2,0.2947222222222222,93687,0,0
1812,1,0.0,244917,0,0
1813,1,0.472418,244917,0,0
1814,2,2.563333333333333,244917,0,0
1815,1,0.0,311328,0,0
1816,1,13.758339,311328,0,0
1817,2,30.48698699951172,311328,0,0
1818,1,0.0,121570,0,0
1819,1,34.281384,121570,0,0
1820,2,44.12610524389479,121570,0,0
1821,1,0.0,233260,0,0
1822,1,15.712001,233260,0,0
1823,2,22.08704478369819,233260,0,0
1824,1,0.0,155908,0,0
1825,1,3.259518,155908,0,0
1826,2,11.450590616861978,155908,0,0
1827,1,0.0,92849,0,0
1828,1,6.93109,92849,0,0
1829,2,28.60031783951653,92849,0,0
1830,1,0.0,213150,0,0
1831,1,15.539954,213150,0,0
1832,2,35.11849338107639,213150,0,0
1833,1,0.0,225831,0,0
1834,1,28.58658,225831,0,0
1835,2,51.75386284722222,225831,0,0
1836,1,0.0,210124,0,0
1837,1,26.867563,210124,0,0
1838,2,27.92109700520833,210124,0,0
1839,1,0.0,172578,0,0
1840,1,3.816351,172578,0,0
1841,2,10.650055609809028,172578,0,0
1842,1,0.0,148488,0,0
1843,1,23.579629,148488,0,0
1844,2,34.94487169053819,148488,0,0
1845,1,0.0,319822,0,0
1846,1,4.170436,319822,0,0
1847,2,40.35215087890625,319822,0,0
1848,1,0.0,184051,0,0
1849,1,36.681114,184051,0,0
1850,2,48.31700368139479,184051,0,0
1851,1,0.0,235495,0,0
1852,1,0.506587,235495,0,0
1853,2,1.071375503540039,235495,0,0
1854,1,0.0,268401,0,0
1855,1,17.147834,268401,0,0
1856,2,46.22739983346728,268401,0,0
1857,1,0.0,9631,0,0
1858,1,0.184158,9631,0,0
1859,2,29.547222967147828,9631,0,0
1860,1,0.0,75761,0,0
1861,1,14.944379,75761,0,0
1862,2,44.314151475694445,75761,0,0
1863,1,0.0,205226,0,0
1864,1,2.768078,205226,0,0
1865,2,51.92769332038033,205226,0,0
1866,1,0.0,21706,0,0
1867,1,0.15779,21706,0,0
1868,2,0.6649212985568577,21706,0,0
1869,1,0.0,271683,0,0
1870,1,5.56566,271683,0,0
1871,2,59.7216652086046,271683,0,0
1872,1,0.0,59758,0,0
1873,1,3.041071,59758,0,0
1874,2,9.835370373196072,59758,0,0
1875,1,0.0,206061,0,0
1876,1,0.191718,206061,0,0
1877,2,1.8758047400580515,206061,0,0
1878,1,0.0,35538,0,0
1879,1,0.159443,35538,0,0
1880,2,0.3918055555555556,35538,0,0
1881,1,0.0,231221,0,0
1882,1,10.400513,231221,0,0
1883,2,13.005601671006945,231221,0,0
1884,1,0.0,81066,0,0
1885,1,0.491939,81066,0,0
1886,2,1.6560130733913845,81066,0,0
1887,1,0.0,89321,0,0
1888,1,8.809138,89321,0,0
1889,2,24.010790303548177,89321,0,0
1890,1,0.0,288764,0,0
1891,1,5.419989,288764,0,0
1892,2,12.203840162489149,288764,0,0
1893,1,0.0,59015,0,0
1894,1,7.224385,59015,0,0
1895,2,46.08125529819065,59015,0,0
1896,1,0.0,163097,0,0
1897,1,21.500177,163097,0,0
1898,2,53.97080709669325,163097,0,0
1899,1,0.0,60078,0,0
1900,1,0.105464,60078,0,0
1901,2,26.812481079101563,60078,0,0
1902,1,0.0,123376,0,0
1903,1,6.266259,123376,0,0
1904,2,14.908138885498047,123376,0,0
1905,1,0.0,259351,0,0
1906,1,21.20938,259351,0,0
1907,2,40.08446316189236,259351,0,0
1908,1,0.0,101845,0,0
1909,1,8.224629,101845,0,0
1910,2,16.999022471110028,101845,0,0
1911,1,0.0,176669,0,0
1912,1,2.929311,176669,0,0
1913,2,38.6117626953125,176669,0,0
1914,1,0.0,62883,0,0
1915,1,30.727135,62883,0,0
1916,2,49.6023861779107,62883,0,0
1917,1,0.0,192746,0,0
1918,1,5.332218,192746,0,0
1919,2,41.82783203125,192746,0,0
1920,1,0.0,14262,0,0
1921,1,8.346331,14262,0,0
1922,2,9.99590243763394,14262,0,0
1923,1,0.0,170044,0,0
1924,1,0.479604,170044,0,0
1925,2,2.425972222222222,170044,0,0
1926,1,0.0,279924,0,0
1927,1,22.10377,279924,0,0
1928,2,29.07984157986111,279924,0,0
1929,1,0.0,174158,0,0
1930,1,8.449285,174158,0,0
1931,2,10.346486443413628,174158,0,0
1932,1,0.0,71107,0,0
1933,1,90.33541,71107,0,0
1934,2,91.75344611167908,71107,0,0
1935,1,0.0,108988,0,0
1936,1,31.459432,108988,0,0
1937,2,31.862939995659723,108988,0,0
1938,1,0.0,96850,0,0
1939,1,0.102438,96850,0,0
1940,2,2.9769444444444444,96850,0,0
1941,1,0.0,166570,0,0
1942,1,2.718583,166570,0,0
1943,2,24.37433230929905,166570,0,0
1944,1,0.0,226357,0,0
1945,1,37.263442,226357,0,0
1946,2,39.37560980902778,226357,0,0
1947,1,0.0,325820,0,0
1948,1,3.961172,325820,0,0
1949,2,32.331108161078554,325820,0,0
1950,1,0.0,230890,0,0
1951,1,7.303878,230890,0,0
1952,2,14.1180222913954,230890,0,0
1953,1,0.0,112374,0,0
1954,1,0.0515,112374,0,0
1955,2,0.1495370377434624,112374,0,0
1956,1,0.0,160871,0,0
1957,1,15.608438,160871,0,0
1958,2,43.73699408637152,160871,0,0
1959,1,0.0,84831,0,0
1960,1,0.187093,84831,0,0
1961,2,0.6192974938286675,84831,0,0
1962,1,0.0,257673,0,0
1963,1,4.165658,257673,0,0
1964,2,12.135,257673,0,0
1965,1,0.0,38530,0,0
1966,1,27.449298,38530,0,0
1967,2,31.476527591281467,38530,0,0
1968,1,0.0,284240,0,0
1969,1,14.63694,284240,0,0
1970,2,17.04574210272895,284240,0,0
1971,1,0.0,262639,0,0
1972,1,2.521169,262639,0,0
1973,2,2.8177777777777777,262639,0,0
1974,1,0.0,332266,0,0
1975,1,39.030791,332266,0,0
1976,2,65.64606011284722,332266,0,0
1977,1,0.0,260279,0,0
1978,1,12.002224,260279,0,0
1979,2,26.08653442382812,260279,0,0
1980,1,0.0,255045,0,0
1981,1,0.251406,255045,0,0
1982,2,0.5738379923502603,255045,0,0
1983,1,0.0,66596,0,0
1984,1,14.499038,66596,0,0
1985,2,60.92852515326606,66596,0,0
1986,1,0.0,241758,0,0
1987,1,36.376904,241758,0,0
1988,2,41.37458505418566,241758,0,0
1989,1,0.0,112370,0,0
1990,1,0.224763,112370,0,0
1991,2,0.5331481488545736,112370,0,0
1992,1,0.0,224047,0,0
1993,1,16.575141,224047,0,0
1994,2,21.87162055121528,224047,0,0
1995,1,0.0,265396,0,0
1996,1,2.407873,265396,0,0
1997,2,19.516173578898112,265396,0,0
1998,1,0.0,100549,0,0
1999,1,9.417358,100549,0,0
2000,2,9.684921298556858,100549,0,0
2001,1,0.0,204606,0,0
2002,1,11.734277,204606,0,0
2003,2,29.16793843481276,204606,0,0
2004,1,0.0,177501,0,0
2005,1,28.073758,177501,0,0
2006,2,57.96900339656407,177501,0,0
2007,1,0.0,141626,0,0
2008,1,3.095282,141626,0,0
2009,2,15.27808236863878,141626,0,0
2010,1,0.0,217924,0,0
2011,1,5.607119,217924,0,0
2012,2,13.964502698050604,217924,0,0
2013,1,0.0,132171,0,0
2014,1,5.82043,132171,0,0
2015,2,16.486113925509983,132171,0,0
2016,1,0.0,132813,0,0
2017,1,22.745135,132813,0,0
2018,2,25.6060806994968,132813,0,0
2019,1,0.0,332670,0,0
2020,1,0.263715,332670,0,0
2021,2,0.9084356689453124,332670,0,0
2022,1,0.0,109863,0,0
2023,1,0.472908,109863,0,0
2024,2,7.1652235783471,109863,0,0
2025,1,0.0,58204,0,0
2026,1,33.79977,58204,0,0
2027,2,40.38331886291504,58204,0,0
2028,1,0.0,44901,0,0
2029,1,0.083211,44901,0,0
2030,2,1.1892968061235216,44901,0,0
2031,1,0.0,34250,0,0
2032,1,6.01118,34250,0,0
2033,2,20.465,34250,0,0
2034,1,0.0,138391,0,0
2035,1,12.051817,138391,0,0
2036,2,18.35877780490452,138391,0,0
2037,1,0.0,227985,0,0
2038,1,17.128817,227985,0,0
2039,2,17.739461839463974,227985,0,0
2040,1,0.0,23178,0,0
2041,1,12.128396,23178,0,0
2042,2,24.330757268269856,23178,0,0
2043,1,0.0,269620,0,0
2044,1,2.418098,269620,0,0
2045,2,4.945988284216987,269620,0,0
2046,1,0.0,276324,0,0
2047,1,21.990259,276324,0,0
2048,2,30.0109617445204,276324,0,0
2049,1,0.0,322534,0,0
2050,1,2.092935,322534,0,0
2051,2,2.346531731287638,322534,0,0
2052,1,0.0,197526,0,0
2053,1,14.712594,197526,0,0
2054,2,67.92999308268229,197526,0,0
2055,1,0.0,118268,0,0
2056,1,0.197613,118268,0,0
2057,2,2.981229493882921,118268,0,0
2058,1,0.0,290429,0,0
2059,1,10.537061,290429,0,0
2060,2,33.51013888888889,290429,0,0
2061,1,0.0,283812,0,0
2062,1,2.616525,283812,0,0
2063,2,4.41879638671875,283812,0,0
2064,1,0.0,87526,0,0
2065,1,0.093178,87526,0,0
2066,2,0.1372222222222222,87526,0,0
2067,1,0.0,77693,0,0
2068,1,12.313741,77693,0,0
2069,2,46.24961025661892,77693,0,0
2070,1,0.0,154881,0,0
2071,1,5.439281,154881,0,0
2072,2,81.22027777777778,154881,0,0
2073,1,0.0,109019,0,0
2074,1,7.027197,109019,0,0
2075,2,22.7025927734375,109019,0,0
2076,1,0.0,109813,0,0
2077,1,31.444334,109813,0,0
2078,2,33.080944519042966,109813,0,0
2079,1,0.0,209783,0,0
2080,1,0.266245,209783,0,0
2081,2,28.260772569444445,209783,0,0
2082,1,0.0,20138,0,0
2083,1,2.637074,20138,0,0
2084,2,5.347916666666666,20138,0,0
2085,1,0.0,194411,0,0
2086,1,4.206814,194411,0,0
2087,2,22.73411153051588,194411,0,0
2088,1,0.0,206249,0,0
2089,1,2.547692,206249,0,0
2090,2,21.31735117594401,206249,0,0
2091,1,0.0,19882,0,0
2092,1,16.816256,19882,0,0
2093,2,37.36482707235548,19882,0,0
2094,1,0.0,125414,0,0
2095,1,3.904481,125414,0,0
2096,2,12.059137301974827,125414,0,0
2097,1,0.0,279041,0,0
2098,1,0.374097,279041,0,0
2099,2,6.6737645806206585,279041,0,0
2100,1,0.0,12949,0,0
2101,1,21.966137,12949,0,0
2102,2,52.01148093329535,12949,0,0
2103,1,0.0,185342,0,0
2104,1,3.380805,185342,0,0
2105,2,10.91839336819119,185342,0,0
2106,1,0.0,60568,0,0
2107,1,9.488952,60568,0,0
2108,2,31.16661524454753,60568,0,0
2109,1,0.0,257385,0,0
2110,1,25.926194,257385,0,0
2111,2,41.566805555555554,257385,0,0
2112,1,0.0,52312,0,0
2113,1,6.630035,52312,0,0
2114,2,11.094166666666666,52312,0,0
2115,1,0.0,253203,0,0
2116,1,3.78018,253203,0,0
2117,2,9.096756896972655,253203,0,0
2118,1,0.0,308888,0,0
2119,1,1.84427,308888,0,0
2120,2,2.544794358147516,308888,0,0
2121,1,0.0,35547,0,0
2122,1,3.25325,35547,0,0
2123,2,9.0300277794732,35547,0,0
2124,1,0.0,282741,0,0
2125,1,43.8583,282741,0,0
2126,2,56.47018653021917,282741,0,0
2127,1,0.0,253306,0,0
2128,1,0.96859,253306,0,0
2129,2,8.311386549207901,253306,0,0
2130,1,0.0,107750,0,0
2131,1,1.188431,107750,0,0
2132,2,1.2496984185112847,107750,0,0
2133,1,0.0,215382,0,0
2134,1,43.318312,215382,0,0
2135,2,53.272316148546,215382,0,0
2136,1,0.0,126102,0,0
2137,1,3.727519,126102,0,0
2138,2,38.46361056857639,126102,0,0
2139,1,0.0,324071,0,0
2140,1,0.105497,324071,0,0
2141,2,0.5474392361111111,324071,0,0
2142,1,0.0,243233,0,0
2143,1,0.620098,243233,0,0
2144,2,20.369408908420137,243233,0,0
2145,1,0.0,291940,0,0
2146,1,21.01214,291940,0,0
2147,2,22.78934188842773,291940,0,0
2148,1,0.0,53078,0,0
2149,1,14.738498,53078,0,0
2150,2,17.815931191974215,53078,0,0
2151,1,0.0,193030,0,0
2152,1,33.010425,193030,0,0
2153,2,42.94555746290419,193030,0,0
2154,1,0.0,321278,0,0
2155,1,1.64056,321278,0,0
2156,2,25.914417860243056,321278,0,0
2157,1,0.0,194445,0,0
2158,1,25.873752,194445,0,0
2159,2,26.43398120456272,194445,0,0
2160,1,0.0,165953,0,0
2161,1,25.35731,165953,0,0
2162,2,27.836904991997613,165953,0,0
2163,1,0.0,319791,0,0
2164,1,10.658413,319791,0,0
2165,2,52.38290690104167,319791,0,0
2166,1,0.0,116146,0,0
2167,1,94.682558,116146,0,0
2168,2,95.8904842291938,116146,0,0
2169,1,0.0,63263,0,0
2170,1,15.5322,63263,0,0
2171,2,18.782222222222224,63263,0,0
2172,1,0.0,301417,0,0
2173,1,4.773278,301417,0,0
2174,2,28.68172617594401,301417,0,0
2175,1,0.0,164086,0,0
2176,1,8.11294,164086,0,0
2177,2,30.076369154188367,164086,0,0
2178,1,0.0,239046,0,0
2179,1,8.254614,239046,0,0
2180,2,9.41051318274604,239046,0,0
2181,1,0.0,201058,0,0
2182,1,1.650844,201058,0,0
2183,2,12.696151258680556,201058,0,0
2184,1,0.0,116514,0,0
2185,1,3.408291,116514,0,0
2186,2,21.105463053385417,116514,0,0
2187,1,0.0,286823,0,0
2188,1,17.111733,286823,0,0
2189,2,27.603029513888888,286823,0,0
2190,1,0.0,220715,0,0
2191,1,3.326415,220715,0,0
2192,2,13.250677964952256,220715,0,0
2193,1,0.0,74572,0,0
2194,1,25.858089,74572,0,0
2195,2,29.39269694010417,74572,0,0
2196,1,0.0,55500,0,0
2197,1,5.241393,55500,0,0
2198,2,8.471126268174913,55500,0,0
2199,1,0.0,253221,0,0
2200,1,15.47038,253221,0,0
2201,2,48.61226874457465,253221,0,0
2202,1,0.0,275058,0,0
2203,1,9.767343,275058,0,0
2204,2,13.100740729437934,275058,0,0
2205,1,0.0,25370,0,0
2206,1,2.224843,25370,0,0
2207,2,28.86006154378256,25370,0,0
2208,1,0.0,257055,0,0
2209,1,8.422332,257055,0,0
2210,2,29.77803504943848,257055,0,0
2211,1,0.0,147465,0,0
2212,1,5.398185,147465,0,0
2213,2,30.02074001736111,147465,0,0
2214,1,0.0,70238,0,0
2215,1,38.544657,70238,0,0
2216,2,49.21882407718235,70238,0,0
2217,1,0.0,221458,0,0
2218,1,0.665335,221458,0,0
2219,2,0.7377212524414063,221458,0,0
2220,1,0.0,32259,0,0
2221,1,3.512164,32259,0,0
2222,2,6.85328125,32259,0,0
2223,1,0.0,26917,0,0
2224,1,4.65021,26917,0,0
2225,2,5.895954436196222,26917,0,0
2226,1,0.0,271840,0,0
2227,1,36.143961,271840,0,0
2228,2,37.30416666666667,271840,0,0
2229,1,0.0,58054,0,0
2230,1,0.816243,58054,0,0
2231,2,1.41567997402615,58054,0,0
2232,1,0.0,161192,0,0
2233,1,35.519822,161192,0,0
2234,2,38.923743396335176,161192,0,0
2235,1,0.0,56383,0,0
2236,1,5.826493,56383,0,0
2237,2,39.75780056423611,56383,0,0
2238,1,0.0,137397,0,0
2239,1,3.552342,137397,0,0
2240,2,14.7173238796658,137397,0,0
2241,1,0.0,56045,0,0
2242,1,2.874463,56045,0,0
2243,2,10.693045620388457,56045,0,0
2244,1,0.0,123853,0,0
2245,1,0.296681,123853,0,0
2246,2,1.7793961673312717,123853,0,0
2247,1,0.0,53395,0,0
2248,1,6.537353,53395,0,0
2249,2,15.518038571675618,53395,0,0
2250,1,0.0,289001,0,0
2251,1,13.787708,289001,0,0
2252,2,24.543638644748263,289001,0,0
2253,1,0.0,257923,0,0
2254,1,13.413024,257923,0,0
2255,2,24.312203030056423,257923,0,0
2256,1,0.0,198863,0,0
2257,1,5.11334,198863,0,0
2258,2,6.507299999660916,198863,0,0
2259,1,0.0,83998,0,0
2260,1,4.611931,83998,0,0
2261,2,5.1128683789571125,83998,0,0
2262,1,0.0,331820,0,0
2263,1,15.394473,331820,0,0
2264,2,64.0526806640625,331820,0,0
2265,1,0.0,143799,0,0
2266,1,3.664561,143799,0,0
2267,2,34.6066187371148,143799,0,0
2268,1,0.0,104664,0,0
2269,1,38.038634,104664,0,0
2270,2,51.8386041937934,104664,0,0
2271,1,0.0,148948,0,0
2272,1,0.385179,148948,0,0
2273,2,7.254966227213542,148948,0,0
2274,1,0.0,321365,0,0
2275,1,32.055432,321365,0,0
2276,2,36.16785458034939,321365,0,0
2277,1,0.0,210972,0,0
2278,1,0.906747,210972,0,0
2279,2,9.481724217732747,210972,0,0
2280,1,0.0,291482,0,0
2281,1,7.273849,291482,0,0
2282,2,55.792419408162445,291482,0,0
2283,1,0.0,175473,0,0
2284,1,10.057383,175473,0,0
2285,2,12.401078609890408,175473,0,0
2286,1,0.0,321930,0,0
2287,1,13.204292,321930,0,0
2288,2,25.754695638020834,321930,0,0
2289,1,0.0,229437,0,0
2290,1,60.458637,229437,0,0
2291,2,62.20514133877224,229437,0,0
2292,1,0.0,182837,0,0
2293,1,0.301385,182837,0,0
2294,2,84.18725033230251,182837,0,0
2295,1,0.0,1261,0,0
2296,1,0.056472,1261,0,0
2297,2,0.8209950415293376,1261,0,0
2298,1,0.0,49518,0,0
2299,1,20.436745,49518,0,0
2300,2,27.968432430691188,49518,0,0
2301,1,0.0,286322,0,0
2302,1,18.600602,286322,0,0
2303,2,29.018417833116324,286322,0,0
2304,1,0.0,130365,0,0
2305,1,2.243101,130365,0,0
2306,2,10.79375,130365,0,0
2307,1,0.0,22124,0,0
2308,1,2.814978,22124,0,0
2309,2,34.27084882948133,22124,0,0
2310,1,0.0,42609,0,0
2311,1,2.057833,42609,0,0
2312,2,2.792340604994032,42609,0,0
2313,1,0.0,83129,0,0
2314,1,14.12412,83129,0,0
2315,2,21.98168489138285,83129,0,0
2316,1,0.0,134026,0,0
2317,1,0.852922,134026,0,0
2318,2,39.732386101616754,134026,0,0
2319,1,0.0,133928,0,0
2320,1,2.308763,133928,0,0
2321,2,31.142967537773977,133928,0,0
2322,1,0.0,158974,0,0
2323,1,10.677765,158974,0,0
2324,2,13.780431247287328,158974,0,0
2325,1,0.0,167687,0,0
2326,1,11.677187,167687,0,0
2327,2,65.08856869167751,167687,0,0
2328,1,0.0,93526,0,0
2329,1,0.469717,93526,0,0
2330,2,1.3048646121554903,93526,0,0
2331,1,0.0,217241,0,0
2332,1,0.682711,217241,0,0
2333,2,11.75876196861267,217241,0,0
2334,1,0.0,151395,0,0
2335,1,6.934445,151395,0,0
2336,2,31.14716796875,151395,0,0
2337,1,0.0,217613,0,0
2338,1,0.19563,217613,0,0
2339,2,1.2516666666666667,217613,0,0
2340,1,0.0,150152,0,0
2341,1,5.842286,150152,0,0
2342,2,24.6375958887736,150152,0,0
2343,1,0.0,127104,0,0
2344,1,15.220203,127104,0,0
2345,2,17.275389726426866,127104,0,0
2346,1,0.0,10057,0,0
2347,1,0.074373,10057,0,0
2348,2,0.8821061526404487,10057,0,0
2349,1,0.0,48926,0,0
2350,1,8.972512,48926,0,0
2351,2,15.307995127571951,48926,0,0
2352,1,0.0,57400,0,0
2353,1,0.216358,57400,0,0
2354,2,0.3316666666666666,57400,0,0
2355,1,0.0,156863,0,0
2356,1,2.639685,156863,0,0
2357,2,7.554405958387587,156863,0,0
2358,1,0.0,213156,0,0
2359,1,4.495595,213156,0,0
2360,2,11.754517178005642,213156,0,0
2361,1,0.0,315625,0,0
2362,1,15.715297,315625,0,0
2363,2,20.275039681328668,315625,0,0
2364,1,0.0,128290,0,0
2365,1,2.398884,128290,0,0
2366,2,19.28527777777778,128290,0,0
2367,1,0.0,222201,0,0
2368,1,4.779439,222201,0,0
2369,2,16.761900872124567,222201,0,0
2370,1,0.0,165437,0,0
2371,1,27.750188,165437,0,0
2372,2,27.76728196885851,165437,0,0
2373,1,0.0,237211,0,0
2374,1,1.13952,237211,0,0
2375,2,3.238475511338976,237211,0,0
2376,1,0.0,97545,0,0
2377,1,2.928915,97545,0,0
2378,2,29.18864158630371,97545,0,0
2379,1,0.0,204957,0,0
2380,1,68.830444,204957,0,0
2381,2,76.15075342814127,204957,0,0
2382,1,0.0,102570,0,0
2383,1,18.319954,102570,0,0
2384,2,31.867931823730466,102570,0,0
2385,1,0.0,184701,0,0
2386,1,0.517255,184701,0,0
2387,2,1.1275845464070635,184701,0,0
2388,1,0.0,269713,0,0
2389,1,15.391993,269713,0,0
2390,2,17.420017598470054,269713,0,0
2391,1,0.0,284028,0,0
2392,1,3.100504,284028,0,0
2393,2,7.500459693272909,284028,0,0
2394,1,0.0,134546,0,0
2395,1,27.621732,134546,0,0
2396,2,31.11870368109809,134546,0,0
2397,1,0.0,39979,0,0
2398,1,46.39698,39979,0,0
2399,2,49.64132656521267,39979,0,0
2400,1,0.0,209372,0,0
2401,1,54.564387,209372,0,0
2402,2,72.05671339246963,209372,0,0
2403,1,0.0,90841,0,0
2404,1,7.240937,90841,0,0
2405,2,10.128423495822483,90841,0,0
2406,1,0.0,41632,0,0
2407,1,2.433871,41632,0,0
2408,2,15.780972222222225,41632,0,0
2409,1,0.0,206769,0,0
2410,1,5.527563,206769,0,0
2411,2,30.47972222222222,206769,0,0
2412,1,0.0,60003,0,0
2413,1,12.317641,60003,0,0
2414,2,14.428611111111111,60003,0,0
2415,1,0.0,88828,0,0
2416,1,1.289341,88828,0,0
2417,2,22.941366941663954,88828,0,0
2418,1,0.0,287047,0,0
2419,1,6.088939,287047,0,0
2420,2,6.7195833333333335,287047,0,0
2421,1,0.0,135240,0,0
2422,1,11.886606,135240,0,0
2423,2,22.538074408637154,135240,0,0
2424,1,0.0,10675,0,0
2425,1,15.331956,10675,0,0
2426,2,18.32302122645908,10675,0,0
2427,1,0.0,195183,0,0
2428,1,15.459985,195183,0,0
2429,2,31.7344224717882,195183,0,0
2430,1,0.0,39829,0,0
2431,1,6.077479,39829,0,0
2432,2,6.304722222222222,39829,0,0
2433,1,0.0,205148,0,0
2434,1,46.401855,205148,0,0
2435,2,91.53188775804308,205148,0,0
2436,1,0.0,215384,0,0
2437,1,42.632315,215384,0,0
2438,2,48.23206027560764,215384,0,0
2439,1,0.0,68914,0,0
2440,1,1.880909,68914,0,0
2441,2,46.853883005778,68914,0,0
2442,1,0.0,195611,0,0
2443,1,7.044252,195611,0,0
2444,2,41.09965277777778,195611,0,0
2445,1,0.0,55654,0,0
2446,1,1.66439,55654,0,0
2447,2,6.023255988226997,55654,0,0
2448,1,0.0,211743,0,0
2449,1,1.209334,211743,0,0
2450,2,1.9144933827718096,211743,0,0
2451,1,0.0,29601,0,0
2452,1,9.572739,29601,0,0
2453,2,43.45785135904948,29601,0,0
2454,1,0.0,163408,0,0
2455,1,22.996713,163408,0,0
2456,2,40.18542987399631,163408,0,0
2457,1,0.0,300916,0,0
2458,1,13.153964,300916,0,0
2459,2,19.961851806640624,300916,0,0
2460,1,0.0,133904,0,0
2461,1,20.951448,133904,0,0
2462,2,34.674259440104166,133904,0,0
2463,1,0.0,22521,0,0
2464,1,10.889176,22521,0,0
2465,2,36.08938929239909,22521,0,0
2466,1,0.0,260270,0,0
2467,1,41.393674,260270,0,0
2468,2,45.11063164605035,260270,0,0
2469,1,0.0,251612,0,0
2470,1,14.162583,251612,0,0
2471,2,16.020006518893773,251612,0,0
2472,1,0.0,70433,0,0
2473,1,1.421765,70433,0,0
2474,2,23.704123636881512,70433,0,0
2475,1,0.0,311988,0,0
2476,1,19.039404,311988,0,0
2477,2,25.454055386119418,311988,0,0
2478,1,0.0,136788,0,0
2479,1,0.683806,136788,0,0
2480,2,21.32903106689453,136788,0,0
2481,1,0.0,242510,0,0
2482,1,2.295765,242510,0,0
2483,2,4.583231413099501,242510,0,0
2484,1,0.0,130645,0,0
2485,1,3.57166,130645,0,0
2486,2,11.657523057725694,130645,0,0
2487,1,0.0,93886,0,0
2488,1,16.603541,93886,0,0
2489,2,18.651895718044702,93886,0,0
2490,1,0.0,133274,0,0
2491,1,3.580091,133274,0,0
2492,2,12.23401196691725,133274,0,0
2493,1,0.0,18315,0,0
2494,1,0.369278,18315,0,0
2495,2,0.6603875647650824,18315,0,0
2496,1,0.0,214853,0,0
2497,1,0.389006,214853,0,0
2498,2,22.069125437206694,214853,0,0
2499,1,0.0,114802,0,0
2500,1,0.131943,114802,0,0
2501,2,3.62116173532274,114802,0,0
2502,1,0.0,179589,0,0
2503,1,0.106758,179589,0,0
2504,2,4.062132941351996,179589,0,0
2505,1,0.0,262507,0,0
2506,1,2.565671,262507,0,0
2507,2,2.931091918945312,262507,0,0
2508,1,0.0,160225,0,0
2509,1,14.304373,160225,0,0
2510,2,46.51668980280558,160225,0,0
2511,1,0.0,38341,0,0
2512,1,8.039699,38341,0,0
2513,2,8.186872389051649,38341,0,0
2514,1,0.0,179978,0,0
2515,1,7.468499,179978,0,0
2516,2,25.158078303866915,179978,0,0
2517,1,0.0,47519,0,0
2518,1,23.319459,47519,0,0
2519,2,44.021542392306856,47519,0,0
2520,1,0.0,165186,0,0
2521,1,11.291088,165186,0,0
2522,2,19.55570797390408,165186,0,0
2523,1,0.0,294081,0,0
2524,1,12.3844,294081,0,0
2525,2,30.267581354777025,294081,0,0
2526,1,0.0,323388,0,0
2527,1,8.927288,323388,0,0
2528,2,12.589513888888888,323388,0,0
2529,1,0.0,26108,0,0
2530,1,9.557667,26108,0,0
2531,2,28.872397783067488,26108,0,0
2532,1,0.0,120138,0,0
2533,1,12.114166,120138,0,0
2534,2,14.325833333333334,120138,0,0
2535,1,0.0,169398,0,0
2536,1,17.182428,169398,0,0
2537,2,27.91636293199328,169398,0,0
2538,1,0.0,309489,0,0
2539,1,1.333502,309489,0,0
2540,2,1.8445257992214628,309489,0,0
2541,1,0.0,190240,0,0
2542,1,29.942934,190240,0,0
2543,2,30.393090277777777,190240,0,0
2544,1,0.0,125794,0,0
2545,1,7.543527,125794,0,0
2546,2,18.67478302001953,125794,0,0
2547,1,0.0,10492,0,0
2548,1,3.021769,10492,0,0
2549,2,18.594185519748265,10492,0,0
2550,1,0.0,314744,0,0
2551,1,22.049259,314744,0,0
2552,2,30.425006696912977,314744,0,0
2553,1,0.0,255288,0,0
2554,1,10.247857,255288,0,0
2555,2,12.559970236884222,255288,0,0
2556,1,0.0,254371,0,0
2557,1,7.973102,254371,0,0
2558,2,12.845416666666669,254371,0,0
2559,1,0.0,284252,0,0
2560,1,5.068013,284252,0,0
2561,2,32.44972376505534,284252,0,0
2562,1,0.0,191957,0,0
2563,1,4.87401,191957,0,0
2564,2,9.085784606933592,191957,0,0
2565,1,0.0,67366,0,0
2566,1,24.849882,67366,0,0
2567,2,26.75528086344401,67366,0,0
2568,1,0.0,119515,0,0
2569,1,0.78145,119515,0,0
2570,2,1.7676057942708334,119515,0,0
2571,1,0.0,178588,0,0
2572,1,41.86252,178588,0,0
2573,2,58.18618915451898,178588,0,0
2574,1,0.0,61111,0,0
2575,1,19.909042,61111,0,0
2576,2,28.21269443300036,61111,0,0
2577,1,0.0,308493,0,0
2578,1,30.351582,308493,0,0
2579,2,36.06455294715033,308493,0,0
2580,1,0.0,181693,0,0
2581,1,0.230544,181693,0,0
2582,2,1.7876058281792535,181693,0,0
2583,1,0.0,94357,0,0
2584,1,2.345947,94357,0,0
2585,2,14.25633327907986,94357,0,0
2586,1,0.0,7846,0,0
2587,1,13.059372,7846,0,0
2588,2,24.82642805311415,7846,0,0
2589,1,0.0,170869,0,0
2590,1,43.909767,170869,0,0
2591,2,48.39950398763021,170869,0,0
2592,1,0.0,71740,0,0
2593,1,9.789945,71740,0,0
2594,2,14.922141620847912,71740,0,0
2595,1,0.0,197475,0,0
2596,1,5.378927,197475,0,0
2597,2,31.99265543619792,197475,0,0
2598,1,0.0,62987,0,0
2599,1,23.016686,62987,0,0
2600,2,39.525472221374514,62987,0,0
2601,1,0.0,35752,0,0
2602,1,3.075582,35752,0,0
2603,2,39.61634223090278,35752,0,0
2604,1,0.0,282240,0,0
2605,1,74.584759,282240,0,0
2606,2,83.04736518859863,282240,0,0
2607,1,0.0,218206,0,0
2608,1,0.104875,218206,0,0
2609,2,0.8058333333333333,218206,0,0
2610,1,0.0,329352,0,0
2611,1,38.374646,329352,0,0
2612,2,40.60344916449653,329352,0,0
2613,1,0.0,305165,0,0
2614,1,18.063561,305165,0,0
2615,2,31.216529134114584,305165,0,0
2616,1,0.0,276800,0,0
2617,1,13.267804,276800,0,0
2618,2,26.4418650648329,276800,0,0
2619,1,0.0,203050,0,0
2620,1,6.297533,203050,0,0
2621,2,23.680770399305555,203050,0,0
2622,1,0.0,222018,0,0
2623,1,1.738976,222018,0,0
2624,2,12.458540920681424,222018,0,0
2625,1,0.0,248318,0,0
2626,1,11.884705,248318,0,0
2627,2,12.374166666666667,248318,0,0
2628,1,0.0,53392,0,0
2629,1,2.826801,53392,0,0
2630,2,24.36912543720669,53392,0,0
2631,1,0.0,108927,0,0
2632,1,26.431405,108927,0,0
2633,2,30.17423804389105,108927,0,0
2634,1,0.0,204369,0,0
2635,1,21.89644,204369,0,0
2636,2,26.12893517388238,204369,0,0
2637,1,0.0,274924,0,0
2638,1,1.107715,274924,0,0
2639,2,2.1494444444444443,274924,0,0
2640,1,0.0,161114,0,0
2641,1,0.371448,161114,0,0
2642,2,0.7066111246744792,161114,0,0
2643,1,0.0,259309,0,0
2644,1,20.711991,259309,0,0
2645,2,34.92179036458333,259309,0,0
2646,1,0.0,81206,0,0
2647,1,16.267849,81206,0,0
2648,2,19.053107333713108,81206,0,0
2649,1,0.0,178581,0,0
2650,1,28.67209,178581,0,0
2651,2,58.69129313998752,178581,0,0
2652,1,0.0,74333,0,0
2653,1,14.855616,74333,0,0
2654,2,29.512170138888887,74333,0,0
2655,1,0.0,242525,0,0
2656,1,1.722812,242525,0,0
2657,2,2.837611117892795,242525,0,0
2658,1,0.0,262856,0,0
2659,1,16.700073,262856,0,0
2660,2,23.35195765177409,262856,0,0
2661,1,0.0,231506,0,0
2662,1,13.337784,231506,0,0
2663,2,14.854731462266711,231506,0,0
2664,1,0.0,325386,0,0
2665,1,12.445511,325386,0,0
2666,2,34.039854507446286,325386,0,0
2667,1,0.0,308250,0,0
2668,1,14.964332,308250,0,0
2669,2,42.82273714966245,308250,0,0
2670,1,0.0,5587,0,0
2671,1,8.695143,5587,0,0
2672,2,16.68722195095486,5587,0,0
2673,1,0.0,147454,0,0
2674,1,7.007922,147454,0,0
2675,2,37.61205071237352,147454,0,0
2676,1,0.0,182106,0,0
2677,1,68.297482,182106,0,0
2678,2,72.5898726050059,182106,0,0
2679,1,0.0,293835,0,0
2680,1,25.694439,293835,0,0
2681,2,35.2167822265625,293835,0,0
2682,1,0.0,304162,0,0
2683,1,0.672485,304162,0,0
2684,2,20.51730322943793,304162,0,0
2685,1,0.0,326581,0,0
2686,1,16.562409,326581,0,0
2687,2,20.05504272460937,326581,0,0
2688,1,0.0,285931,0,0
2689,1,30.904103,285931,0,0
2690,2,70.16687462700737,285931,0,0
2691,1,0.0,315186,0,0
2692,1,3.259464,315186,0,0
2693,2,8.335087966918945,315186,0,0
2694,1,0.0,223413,0,0
2695,1,0.204394,223413,0,0
2696,2,1.5428835720486112,223413,0,0
2697,1,0.0,64604,0,0
2698,1,5.782217,64604,0,0
2699,2,15.739919364717272,64604,0,0
2700,1,0.0,270947,0,0
2701,1,69.58031,270947,0,0
2702,2,107.8050806172689,270947,0,0
2703,1,0.0,34222,0,0
2704,1,0.081966,34222,0,0
2705,2,1.6040606689453123,34222,0,0
2706,1,0.0,280060,0,0
2707,1,14.576583,280060,0,0
2708,2,29.45521764119466,280060,0,0
2709,1,0.0,312818,0,0
2710,1,42.542108,312818,0,0
2711,2,74.41799999660915,312818,0,0
2712,1,0.0,318650,0,0
2713,1,1.067303,318650,0,0
2714,2,7.633555772569444,318650,0,0
2715,1,0.0,302651,0,0
2716,1,40.141348,302651,0,0
2717,2,62.10977186414931,302651,0,0
2718,1,0.0,267982,0,0
2719,1,67.961781,267982,0,0
2720,2,71.30472222222222,267982,0,0
2721,1,0.0,240889,0,0
2722,1,23.76444,240889,0,0
2723,2,45.9832004292806,240889,0,0
2724,1,0.0,269161,0,0
2725,1,5.449855,269161,0,0
2726,2,33.952763621012366,269161,0,0
2727,1,0.0,220054,0,0
2728,1,31.946705,220054,0,0
2729,2,40.88933465745714,220054,0,0
2730,1,0.0,65357,0,0
2731,1,12.696106,65357,0,0
2732,2,32.13602823893229,65357,0,0
2733,1,0.0,193743,0,0
2734,1,0.691642,193743,0,0
2735,2,1.961472625732422,193743,0,0
2736,1,0.0,4523,0,0
2737,1,11.856312,4523,0,0
2738,2,18.174571430418226,4523,0,0
2739,1,0.0,30494,0,0
2740,1,10.400246,30494,0,0
2741,2,12.585490731133357,30494,0,0
2742,1,0.0,38851,0,0
2743,1,0.709885,38851,0,0
2744,2,2.817414313422309,38851,0,0
2745,1,0.0,180806,0,0
2746,1,1.248691,180806,0,0
2747,2,4.121269870334201,180806,0,0
2748,1,0.0,107043,0,0
2749,1,2.372757,107043,0,0
2750,2,17.436996256510415,107043,0,0
2751,1,0.0,220766,0,0
2752,1,11.865214,220766,0,0
2753,2,14.564853210449218,220766,0,0
2754,1,0.0,291822,0,0
2755,1,25.23899,291822,0,0
2756,2,53.9557408311632,291822,0,0
2757,1,0.0,150840,0,0
2758,1,5.968323,150840,0,0
2759,2,21.913743455674915,150840,0,0
2760,1,0.0,2940,0,0
2761,1,1.318669,2940,0,0
2762,2,2.019152449501885,2940,0,0
2763,1,0.0,219327,0,0
2764,1,61.487154,219327,0,0
2765,2,72.38883951822916,219327,0,0
2766,1,0.0,218701,0,0
2767,1,41.515594,218701,0,0
2768,2,42.20879893832736,218701,0,0
2769,1,0.0,294097,0,0
2770,1,33.066561,294097,0,0
2771,2,49.98931911892361,294097,0,0
2772,1,0.0,100563,0,0
2773,1,1.298969,100563,0,0
2774,2,2.183206354777018,100563,0,0
2775,1,0.0,214866,0,0
2776,1,5.805088,214866,0,0
2777,2,12.15886397043864,214866,0,0
2778,1,0.0,202570,0,0
2779,1,0.247159,202570,0,0
2780,2,0.7268031215667725,202570,0,0
2781,1,0.0,303056,0,0
2782,1,10.707607,303056,0,0
2783,2,43.647777777777776,303056,0,0
2784,1,0.0,135557,0,0
2785,1,15.046894,135557,0,0
2786,2,29.81037109375,135557,0,0
2787,1,0.0,38641,0,0
2788,1,19.06045,38641,0,0
2789,2,26.16282855563693,38641,0,0
2790,1,0.0,144136,0,0
2791,1,1.300897,144136,0,0
2792,2,1.5615085856119792,144136,0,0
2793,1,0.0,251653,0,0
2794,1,4.53903,251653,0,0
2795,2,15.374957733154297,251653,0,0
2796,1,0.0,277942,0,0
2797,1,37.2058,277942,0,0
2798,2,41.85500926971436,277942,0,0
2799,1,0.0,89598,0,0
2800,1,21.581799,89598,0,0
2801,2,22.59207451608446,89598,0,0
2802,1,0.0,91923,0,0
2803,1,6.351994,91923,0,0
2804,2,12.295531251695422,91923,0,0
2805,1,0.0,168810,0,0
2806,1,17.597685,168810,0,0
2807,2,28.8949094136556,168810,0,0
2808,1,0.0,241291,0,0
2809,1,3.6402,241291,0,0
2810,2,13.021309543185764,241291,0,0
2811,1,0.0,286733,0,0
2812,1,11.660776,286733,0,0
2813,2,30.749514736599387,286733,0,0
2814,1,0.0,189421,0,0
2815,1,33.019346,189421,0,0
2816,2,49.66872233072917,189421,0,0
2817,1,0.0,160315,0,0
2818,1,21.13585,160315,0,0
2819,2,72.90814361572268,160315,0,0
2820,1,0.0,54407,0,0
2821,1,1.840129,54407,0,0
2822,2,8.693879801432292,54407,0,0
2823,1,0.0,274062,0,0
2824,1,62.586425,274062,0,0
2825,2,65.32767361111111,274062,0,0
2826,1,0.0,307649,0,0
2827,1,9.232114,307649,0,0
2828,2,43.96995298597548,307649,0,0
2829,1,0.0,200031,0,0
2830,1,11.614006,200031,0,0
2831,2,39.14888888888889,200031,0,0
2832,1,0.0,1563,0,0
2833,1,2.896889,1563,0,0
2834,2,8.317916666666667,1563,0,0
2835,1,0.0,191666,0,0
2836,1,27.07214,191666,0,0
2837,2,40.663330188327365,191666,0,0
2838,1,0.0,260148,0,0
2839,1,3.995019,260148,0,0
2840,2,4.235168728298612,260148,0,0
2841,1,0.0,265615,0,0
2842,1,10.34463,265615,0,0
2843,2,26.996157801946005,265615,0,0
2844,1,0.0,201640,0,0
2845,1,89.38671,201640,0,0
2846,2,94.76634955512152,201640,0,0
2847,1,0.0,301248,0,0
2848,1,13.956393,301248,0,0
2849,2,25.635265452067056,301248,0,0
2850,1,0.0,168641,0,0
2851,1,23.133404,168641,0,0
2852,2,34.211527574327256,168641,0,0
2853,1,0.0,200830,0,0
2854,1,0.060587,200830,0,0
2855,2,0.4213078700171576,200830,0,0
2856,1,0.0,249057,0,0
2857,1,5.535496,249057,0,0
2858,2,10.8920455593533,249057,0,0
2859,1,0.0,301814,0,0
2860,1,20.969313,301814,0,0
2861,2,29.92713628133137,301814,0,0
2862,1,0.0,75980,0,0
2863,1,31.275334,75980,0,0
2864,2,32.98824918958876,75980,0,0
2865,1,0.0,296937,0,0
2866,1,7.163988,296937,0,0
2867,2,17.14659986390008,296937,0,0
2868,1,0.0,9438,0,0
2869,1,59.401002,9438,0,0
2870,2,74.83212972005208,9438,0,0
2871,1,0.0,181078,0,0
2872,1,6.737111,181078,0,0
2873,2,22.440977528889974,181078,0,0
2874,1,0.0,28566,0,0
2875,1,3.492036,28566,0,0
2876,2,10.040833333333332,28566,0,0
2877,1,0.0,76368,0,0
2878,1,31.998019,76368,0,0
2879,2,34.82232081095378,76368,0,0
2880,1,0.0,126280,0,0
2881,1,3.167891,126280,0,0
2882,2,4.002222222222223,126280,0,0
2883,1,0.0,144936,0,0
2884,1,7.324992,144936,0,0
2885,2,30.209282701280383,144936,0,0
2886,1,0.0,230875,0,0
2887,1,4.241063,230875,0,0
2888,2,20.217534467909072,230875,0,0
2889,1,0.0,103761,0,0
2890,1,3.054754,103761,0,0
2891,2,11.097234190834891,103761,0,0
2892,1,0.0,290497,0,0
2893,1,28.182154,290497,0,0
2894,2,32.11757839626736,290497,0,0
2895,1,0.0,67438,0,0
2896,1,0.241523,67438,0,0
2897,2,19.095095859103733,67438,0,0
2898,1,0.0,318320,0,0
2899,1,10.876051,318320,0,0
2900,2,70.46277631971572,318320,0,0
2901,1,0.0,140018,0,0
2902,1,6.060442,140018,0,0
2903,2,9.543055555555556,140018,0,0
2904,1,0.0,232752,0,0
2905,1,4.049385,232752,0,0
2906,2,5.301003782484266,232752,0,0
2907,1,0.0,160236,0,0
2908,1,56.880734,160236,0,0
2909,2,65.84335911220974,160236,0,0
2910,1,0.0,42434,0,0
2911,1,0.525321,42434,0,0
2912,2,1.3158333333333334,42434,0,0
2913,1,0.0,24199,0,0
2914,1,16.151297,24199,0,0
2915,2,29.843034125434027,24199,0,0
2916,1,0.0,324189,0,0
2917,1,2.637473,324189,0,0
2918,2,7.196574062771266,324189,0,0
2919,1,0.0,29981,0,0
2920,1,0.705153,29981,0,0
2921,2,0.7924634467230903,29981,0,0
2922,1,0.0,162087,0,0
2923,1,4.605859,162087,0,0
2924,2,39.999193589952256,162087,0,0
2925,1,0.0,103364,0,0
2926,1,9.241628,103364,0,0
2927,2,23.588778364393445,103364,0,0
2928,1,0.0,245937,0,0
2929,1,5.035665,245937,0,0
2930,2,9.368253953721789,245937,0,0
2931,1,0.0,32922,0,0
2932,1,2.205075,32922,0,0
2933,2,12.51658732096354,32922,0,0
2934,1,0.0,210318,0,0
2935,1,7.670159,210318,0,0
2936,2,34.16726779513889,210318,0,0
2937,1,0.0,306129,0,0
2938,1,13.940927,306129,0,0
2939,2,18.104031711154512,306129,0,0
2940,1,0.0,238580,0,0
2941,1,6.293878,238580,0,0
2942,2,36.81893381648594,238580,0,0
2943,1,0.0,167139,0,0
2944,1,0.602509,167139,0,0
2945,2,28.141200998094344,167139,0,0
2946,1,0.0,143739,0,0
2947,1,10.355459,143739,0,0
2948,2,15.221018583509656,143739,0,0
2949,1,0.0,318480,0,0
2950,1,43.086991,318480,0,0
2951,2,49.7201806640625,318480,0,0
2952,1,0.0,207747,0,0
2953,1,0.790413,207747,0,0
2954,2,2.0879315185546874,207747,0,0
2955,1,0.0,184599,0,0
2956,1,53.042369,184599,0,0
2957,2,87.25988277859157,184599,0,0
2958,1,0.0,37492,0,0
2959,1,6.997806,37492,0,0
2960,2,9.839500393337673,37492,0,0
2961,1,0.0,278218,0,0
2962,1,0.387272,278218,0,0
2963,2,33.35049004448784,278218,0,0
2964,1,0.0,327546,0,0
2965,1,0.190777,327546,0,0
2966,2,0.6159761725531684,327546,0,0
2967,1,0.0,25528,0,0
2968,1,5.747154,25528,0,0
2969,2,8.059320136176215,25528,0,0
2970,1,0.0,224857,0,0
2971,1,0.568381,224857,0,0
2972,2,1.6182850477430557,224857,0,0
2973,1,0.0,121632,0,0
2974,1,0.28042,121632,0,0
2975,2,32.343431599934895,121632,0,0
2976,1,0.0,78040,0,0
2977,1,0.644613,78040,0,0
2978,2,4.2069444889492456,78040,0,0
2979,1,0.0,181368,0,0
2980,1,9.468528,181368,0,0
2981,2,30.722619357638887,181368,0,0
2982,1,0.0,63468,0,0
2983,1,0.043374,63468,0,0
2984,2,1.2519206407335068,63468,0,0
2985,1,0.0,199065,0,0
2986,1,1.288276,199065,0,0
2987,2,6.079105555216471,199065,0,0
2988,1,0.0,179179,0,0
2989,1,0.323598,179179,0,0
2990,2,0.3348502212100558,179179,0,0
2991,1,0.0,176590,0,0
2992,1,6.846074,176590,0,0
2993,2,32.1741977013482,176590,0,0
2994,1,0.0,127440,0,0
2995,1,7.51333,127440,0,0
2996,2,16.8162230597602,127440,0,0
2997,1,0.0,92489,0,0
2998,1,0.216592,92489,0,0
2999,2,0.2951388888888889,92489,0,0
