<metadata xml:lang="en"><Esri><CreaDate>20190204</CreaDate><CreaTime>09405200</CreaTime><ArcGISFormat>1.0</ArcGISFormat><SyncOnce>FALSE</SyncOnce><DataProperties><lineage><Process ToolSource="c:\program files (x86)\arcgis\desktop10.2\ArcToolbox\Toolboxes\Data Management Tools.tbx\CalculateField" Date="20180710" Time="131926">CalculateField "KOMPONEN POINT\LANDMARK" JENIS "KANTOR PEMERINTAHAN" VB #</Process><Process ToolSource="c:\program files (x86)\arcgis\desktop10.2\ArcToolbox\Toolboxes\Data Management Tools.tbx\CalculateField" Date="20180710" Time="132308">CalculateField "KOMPONEN POINT\LANDMARK" JENIS "SEKOLAH / BANGUNAN PENDIDIKAN" VB #</Process><Process ToolSource="c:\program files (x86)\arcgis\desktop10.2\ArcToolbox\Toolboxes\Data Management Tools.tbx\CalculateField" Date="20180710" Time="132753">CalculateField "KOMPONEN POINT\LANDMARK" JENIS "SEKOLAH / BANGUNAN PENDIDIKAN" VB #</Process><Process ToolSource="c:\program files (x86)\arcgis\desktop10.2\ArcToolbox\Toolboxes\Data Management Tools.tbx\CalculateField" Date="20180710" Time="133027">CalculateField "KOMPONEN POINT\LANDMARK" JENIS "PUSAT PERBELANJAAN" VB #</Process><Process ToolSource="c:\program files (x86)\arcgis\desktop10.2\ArcToolbox\Toolboxes\Data Management Tools.tbx\CalculateField" Date="20180710" Time="133441">CalculateField "KOMPONEN POINT\LANDMARK" JENIS "KANTOR PEMERINTAHAN" VB #</Process><Process ToolSource="c:\program files (x86)\arcgis\desktop10.2\ArcToolbox\Toolboxes\Data Management Tools.tbx\CalculateField" Date="20180710" Time="133805">CalculateField "KOMPONEN POINT\LANDMARK" JENIS "FASILITAS KESEHATAN" VB #</Process><Process ToolSource="c:\program files (x86)\arcgis\desktop10.2\ArcToolbox\Toolboxes\Data Management Tools.tbx\CalculateField" Date="20180710" Time="134022">CalculateField "KOMPONEN POINT\LANDMARK" JENIS "STADION / LAPANGAN BOLA" VB #</Process><Process ToolSource="c:\program files (x86)\arcgis\desktop10.2\ArcToolbox\Toolboxes\Data Management Tools.tbx\CalculateField" Date="20180710" Time="134239">CalculateField "KOMPONEN POINT\LANDMARK" JENIS "TEMPAT IBADAH" VB #</Process><Process ToolSource="c:\program files (x86)\arcgis\desktop10.2\ArcToolbox\Toolboxes\Data Management Tools.tbx\CalculateField" Date="20180710" Time="134409">CalculateField "KOMPONEN POINT\LANDMARK" JENIS "PEMAKAMAN" VB #</Process><Process ToolSource="c:\program files (x86)\arcgis\desktop10.2\ArcToolbox\Toolboxes\Data Management Tools.tbx\CalculateField" Date="20180710" Time="134515">CalculateField "KOMPONEN POINT\LANDMARK" JENIS "HALTE" VB #</Process><Process ToolSource="c:\program files (x86)\arcgis\desktop10.2\ArcToolbox\Toolboxes\Data Management Tools.tbx\CalculateField" Date="20180710" Time="134617">CalculateField "KOMPONEN POINT\LANDMARK" JENIS "TEMPAT REKREASI" VB #</Process><Process ToolSource="c:\program files (x86)\arcgis\desktop10.2\ArcToolbox\Toolboxes\Data Management Tools.tbx\CalculateField" Date="20180710" Time="134709">CalculateField "KOMPONEN POINT\LANDMARK" JENIS "LANDMARK" VB #</Process><Process ToolSource="c:\program files (x86)\arcgis\desktop10.2\ArcToolbox\Toolboxes\Data Management Tools.tbx\CalculateField" Date="20180710" Time="134746">CalculateField "KOMPONEN POINT\LANDMARK" JENIS "TERMINAL" VB #</Process><Process ToolSource="c:\program files (x86)\arcgis\desktop10.2\ArcToolbox\Toolboxes\Data Management Tools.tbx\CalculateField" Date="20180710" Time="134851">CalculateField "KOMPONEN POINT\LANDMARK" JENIS "BANGUNAN INDUSTRI" VB #</Process><Process ToolSource="c:\program files (x86)\arcgis\desktop10.2\ArcToolbox\Toolboxes\Data Management Tools.tbx\CalculateField" Date="20180710" Time="134912">CalculateField "KOMPONEN POINT\LANDMARK" JENIS "TEMPAT PERBELANJAAN" VB #</Process><Process ToolSource="c:\program files (x86)\arcgis\desktop10.2\ArcToolbox\Toolboxes\Data Management Tools.tbx\CalculateField" Date="20180710" Time="134945">CalculateField "KOMPONEN POINT\LANDMARK" JENIS "PUSAT PERBELANJAAN" VB #</Process><Process ToolSource="c:\program files (x86)\arcgis\desktop10.2\ArcToolbox\Toolboxes\Data Management Tools.tbx\CalculateField" Date="20180710" Time="135329">CalculateField "KOMPONEN POINT\LANDMARK" JENIS "UNKNOWN" VB #</Process><Process ToolSource="c:\program files (x86)\arcgis\desktop10.2\ArcToolbox\Toolboxes\Data Management Tools.tbx\CalculateField" Date="20180710" Time="135357">CalculateField "KOMPONEN POINT\LANDMARK" JENIS "SEKOLAH / BANGUNAN PENDIDIKAN" VB #</Process><Process ToolSource="c:\program files (x86)\arcgis\desktop10.2\ArcToolbox\Toolboxes\Data Management Tools.tbx\CalculateField" Date="20180710" Time="135424">CalculateField "KOMPONEN POINT\LANDMARK" JENIS "PEMAKAMAN" VB #</Process><Process ToolSource="c:\program files (x86)\arcgis\desktop10.2\ArcToolbox\Toolboxes\Data Management Tools.tbx\CalculateField" Date="20180710" Time="135506">CalculateField "KOMPONEN POINT\LANDMARK" JENIS "LANDMARK" VB #</Process><Process ToolSource="c:\program files\arcgis\pro\Resources\ArcToolbox\toolboxes\Data Management Tools.tbx\CopyFeatures" Date="20190204" Time="205704">CopyFeatures LANDMARK "D:\data melvi\Peta Dasar Tunggal\dbjakasatu.sde\SDE.PETA_KOMPONEN_LANDMARK\SDE.LANDMARK_TERMINAL" # # # #</Process><Process ToolSource="c:\program files\arcgis\pro\Resources\ArcToolbox\toolboxes\Conversion Tools.tbx\FeatureClassToFeatureClass" Date="20200521" Time="092954">FeatureClassToFeatureClass SDE.LANDMARK_TERMINAL D:\PUSDATIN\TERMINAL Terminal_Jakarta.shp # "OBJECTID "OBJECTID" true true false 4 Long 0 10,First,#,SDE.LANDMARK_TERMINAL,OBJECTID,-1,-1;NAMA "NAMA" true true false 50 Text 0 0,First,#,SDE.LANDMARK_TERMINAL,NAMA,0,50;JENIS "JENIS" true true false 50 Text 0 0,First,#,SDE.LANDMARK_TERMINAL,JENIS,0,50;KELURAHAN "KELURAHAN" true true false 50 Text 0 0,First,#,SDE.LANDMARK_TERMINAL,KELURAHAN,0,50;KECAMATAN "KECAMATAN" true true false 50 Text 0 0,First,#,SDE.LANDMARK_TERMINAL,KECAMATAN,0,50;KOTA_ADMIN "KOTA_ADMIN" true true false 50 Text 0 0,First,#,SDE.LANDMARK_TERMINAL,KOTA_ADMIN,0,50;ALAMAT "ALAMAT" true true false 254 Text 0 0,First,#,SDE.LANDMARK_TERMINAL,ALAMAT,0,254;NAMA_PENGI "NAMA_PENGI" true true false 50 Text 0 0,First,#,SDE.LANDMARK_TERMINAL,NAMA_PENGI,0,50;TANGGAL_IN "TANGGAL_IN" true true false 8 Date 0 0,First,#,SDE.LANDMARK_TERMINAL,TANGGAL_IN,-1,-1" #</Process><Process ToolSource="c:\program files\arcgis\pro\Resources\ArcToolbox\toolboxes\Conversion Tools.tbx\FeatureClassToFeatureClass" Date="20200521" Time="093958">FeatureClassToFeatureClass Terminal_Jakarta D:\PUSDATIN\HALTE Halte_Bis_Jakarta.shp # "OBJECTID "OBJECTID" true true false 10 Long 0 10,First,#,Terminal_Jakarta,OBJECTID,-1,-1;NAMA "NAMA" true true false 50 Text 0 0,First,#,Terminal_Jakarta,NAMA,0,50;JENIS "JENIS" true true false 50 Text 0 0,First,#,Terminal_Jakarta,JENIS,0,50;KELURAHAN "KELURAHAN" true true false 50 Text 0 0,First,#,Terminal_Jakarta,KELURAHAN,0,50;KECAMATAN "KECAMATAN" true true false 50 Text 0 0,First,#,Terminal_Jakarta,KECAMATAN,0,50;KOTA_ADMIN "KOTA_ADMIN" true true false 50 Text 0 0,First,#,Terminal_Jakarta,KOTA_ADMIN,0,50;ALAMAT "ALAMAT" true true false 254 Text 0 0,First,#,Terminal_Jakarta,ALAMAT,0,254;NAMA_PENGI "NAMA_PENGI" true true false 50 Text 0 0,First,#,Terminal_Jakarta,NAMA_PENGI,0,50;TANGGAL_IN "TANGGAL_IN" true true false 8 Date 0 0,First,#,Terminal_Jakarta,TANGGAL_IN,-1,-1" #</Process><Process ToolSource="c:\program files\arcgis\pro\Resources\ArcToolbox\toolboxes\Data Management Tools.tbx\CalculateField" Date="20200521" Time="094055">CalculateField Halte_Bis_Jakarta JENIS "HALTE BUSWAY" "Python 3" #</Process></lineage><itemProps><itemLocation><linkage Sync="TRUE">file://\\TA-GIS-3\D$\PUSDATIN\HALTE\Halte_Bis_Jakarta.shp</linkage><protocol Sync="TRUE">Local Area Network</protocol></itemLocation><itemName Sync="TRUE">Halte_Bis_Jakarta</itemName><imsContentType Sync="TRUE">002</imsContentType><itemSize Sync="TRUE">0.000</itemSize></itemProps><coordRef><type Sync="TRUE">Projected</type><geogcsn Sync="TRUE">GCS_WGS_1984</geogcsn><csUnits Sync="TRUE">Linear Unit: Meter (1.000000)</csUnits><projcsn Sync="TRUE">WGS_1984_UTM_Zone_48S</projcsn><peXml Sync="TRUE">&lt;ProjectedCoordinateSystem xsi:type='typens:ProjectedCoordinateSystem' xmlns:xsi='http://www.w3.org/2001/XMLSchema-instance' xmlns:xs='http://www.w3.org/2001/XMLSchema' xmlns:typens='http://www.esri.com/schemas/ArcGIS/2.4.0'&gt;&lt;WKT&gt;PROJCS[&amp;quot;WGS_1984_UTM_Zone_48S&amp;quot;,GEOGCS[&amp;quot;GCS_WGS_1984&amp;quot;,DATUM[&amp;quot;D_WGS_1984&amp;quot;,SPHEROID[&amp;quot;WGS_1984&amp;quot;,6378137.0,298.257223563]],PRIMEM[&amp;quot;Greenwich&amp;quot;,0.0],UNIT[&amp;quot;Degree&amp;quot;,0.0174532925199433]],PROJECTION[&amp;quot;Transverse_Mercator&amp;quot;],PARAMETER[&amp;quot;False_Easting&amp;quot;,500000.0],PARAMETER[&amp;quot;False_Northing&amp;quot;,10000000.0],PARAMETER[&amp;quot;Central_Meridian&amp;quot;,105.0],PARAMETER[&amp;quot;Scale_Factor&amp;quot;,0.9996],PARAMETER[&amp;quot;Latitude_Of_Origin&amp;quot;,0.0],UNIT[&amp;quot;Meter&amp;quot;,1.0],AUTHORITY[&amp;quot;EPSG&amp;quot;,32748]]&lt;/WKT&gt;&lt;XOrigin&gt;-5120900&lt;/XOrigin&gt;&lt;YOrigin&gt;1900&lt;/YOrigin&gt;&lt;XYScale&gt;450445547.3910538&lt;/XYScale&gt;&lt;ZOrigin&gt;-100000&lt;/ZOrigin&gt;&lt;ZScale&gt;10000&lt;/ZScale&gt;&lt;MOrigin&gt;-100000&lt;/MOrigin&gt;&lt;MScale&gt;10000&lt;/MScale&gt;&lt;XYTolerance&gt;0.001&lt;/XYTolerance&gt;&lt;ZTolerance&gt;0.001&lt;/ZTolerance&gt;&lt;MTolerance&gt;0.001&lt;/MTolerance&gt;&lt;HighPrecision&gt;true&lt;/HighPrecision&gt;&lt;WKID&gt;32748&lt;/WKID&gt;&lt;LatestWKID&gt;32748&lt;/LatestWKID&gt;&lt;/ProjectedCoordinateSystem&gt;</peXml></coordRef></DataProperties><SyncDate>20200521</SyncDate><SyncTime>09395800</SyncTime><ModDate>20200521</ModDate><ModTime>09395800</ModTime></Esri><dataIdInfo><envirDesc Sync="TRUE">Microsoft Windows Server 2016 Technical Preview Version 10.0 (Build 14393) ; Esri ArcGIS 12.4.0.19948</envirDesc><dataLang><languageCode value="eng" Sync="TRUE"></languageCode><countryCode value="USA" Sync="TRUE"></countryCode></dataLang><idCitation><resTitle Sync="TRUE">Halte_Bis_Jakarta</resTitle><presForm><PresFormCd value="005" Sync="TRUE"></PresFormCd></presForm></idCitation><spatRpType><SpatRepTypCd value="001" Sync="TRUE"></SpatRepTypCd></spatRpType></dataIdInfo><mdLang><languageCode value="eng" Sync="TRUE"></languageCode><countryCode value="USA" Sync="TRUE"></countryCode></mdLang><distInfo><distFormat><formatName Sync="TRUE">Shapefile</formatName></distFormat><distTranOps><transSize Sync="TRUE">0.000</transSize></distTranOps></distInfo><mdHrLv><ScopeCd value="005" Sync="TRUE"></ScopeCd></mdHrLv><mdHrLvName Sync="TRUE">dataset</mdHrLvName><refSysInfo><RefSystem><refSysID><identCode code="32748" Sync="TRUE"></identCode><idCodeSpace Sync="TRUE">EPSG</idCodeSpace><idVersion Sync="TRUE">6.11.1(3.0.1)</idVersion></refSysID></RefSystem></refSysInfo><spatRepInfo><VectSpatRep><geometObjs Name="Halte_Bis_Jakarta"><geoObjTyp><GeoObjTypCd value="004" Sync="TRUE"></GeoObjTypCd></geoObjTyp><geoObjCnt Sync="TRUE">0</geoObjCnt></geometObjs><topLvl><TopoLevCd value="001" Sync="TRUE"></TopoLevCd></topLvl></VectSpatRep></spatRepInfo><spdoinfo><ptvctinf><esriterm Name="Halte_Bis_Jakarta"><efeatyp Sync="TRUE">Simple</efeatyp><efeageom code="1" Sync="TRUE"></efeageom><esritopo Sync="TRUE">FALSE</esritopo><efeacnt Sync="TRUE">0</efeacnt><spindex Sync="TRUE">FALSE</spindex><linrefer Sync="TRUE">FALSE</linrefer></esriterm></ptvctinf></spdoinfo><eainfo><detailed Name="Halte_Bis_Jakarta"><enttyp><enttypl Sync="TRUE">Halte_Bis_Jakarta</enttypl><enttypt Sync="TRUE">Feature Class</enttypt><enttypc Sync="TRUE">0</enttypc></enttyp><attr><attrlabl Sync="TRUE">FID</attrlabl><attalias Sync="TRUE">FID</attalias><attrtype Sync="TRUE">OID</attrtype><attwidth Sync="TRUE">4</attwidth><atprecis Sync="TRUE">0</atprecis><attscale Sync="TRUE">0</attscale><attrdef Sync="TRUE">Internal feature number.</attrdef><attrdefs Sync="TRUE">Esri</attrdefs><attrdomv><udom Sync="TRUE">Sequential unique whole numbers that are automatically generated.</udom></attrdomv></attr><attr><attrlabl Sync="TRUE">OBJECTID</attrlabl><attalias Sync="TRUE">OBJECTID</attalias><attrtype Sync="TRUE">Integer</attrtype><attwidth Sync="TRUE">10</attwidth><atprecis Sync="TRUE">10</atprecis><attscale Sync="TRUE">0</attscale></attr><attr><attrlabl Sync="TRUE">NAMA</attrlabl><attalias Sync="TRUE">NAMA</attalias><attrtype Sync="TRUE">String</attrtype><attwidth Sync="TRUE">50</attwidth><atprecis Sync="TRUE">0</atprecis><attscale Sync="TRUE">0</attscale></attr><attr><attrlabl Sync="TRUE">JENIS</attrlabl><attalias Sync="TRUE">JENIS</attalias><attrtype Sync="TRUE">String</attrtype><attwidth Sync="TRUE">50</attwidth><atprecis Sync="TRUE">0</atprecis><attscale Sync="TRUE">0</attscale></attr><attr><attrlabl Sync="TRUE">KELURAHAN</attrlabl><attalias Sync="TRUE">KELURAHAN</attalias><attrtype Sync="TRUE">String</attrtype><attwidth Sync="TRUE">50</attwidth><atprecis Sync="TRUE">0</atprecis><attscale Sync="TRUE">0</attscale></attr><attr><attrlabl Sync="TRUE">KECAMATAN</attrlabl><attalias Sync="TRUE">KECAMATAN</attalias><attrtype Sync="TRUE">String</attrtype><attwidth Sync="TRUE">50</attwidth><atprecis Sync="TRUE">0</atprecis><attscale Sync="TRUE">0</attscale></attr><attr><attrlabl Sync="TRUE">KOTA_ADMIN</attrlabl><attalias Sync="TRUE">KOTA_ADMIN</attalias><attrtype Sync="TRUE">String</attrtype><attwidth Sync="TRUE">50</attwidth><atprecis Sync="TRUE">0</atprecis><attscale Sync="TRUE">0</attscale></attr><attr><attrlabl Sync="TRUE">ALAMAT</attrlabl><attalias Sync="TRUE">ALAMAT</attalias><attrtype Sync="TRUE">String</attrtype><attwidth Sync="TRUE">254</attwidth><atprecis Sync="TRUE">0</atprecis><attscale Sync="TRUE">0</attscale></attr><attr><attrlabl Sync="TRUE">NAMA_PENGI</attrlabl><attalias Sync="TRUE">NAMA_PENGI</attalias><attrtype Sync="TRUE">String</attrtype><attwidth Sync="TRUE">50</attwidth><atprecis Sync="TRUE">0</atprecis><attscale Sync="TRUE">0</attscale></attr><attr><attrlabl Sync="TRUE">TANGGAL_IN</attrlabl><attalias Sync="TRUE">TANGGAL_IN</attalias><attrtype Sync="TRUE">Date</attrtype><attwidth Sync="TRUE">8</attwidth><atprecis Sync="TRUE">0</atprecis><attscale Sync="TRUE">0</attscale></attr><attr><attrlabl Sync="TRUE">SHAPE</attrlabl><attalias Sync="TRUE">Shape</attalias><attrtype Sync="TRUE">Geometry</attrtype><attwidth Sync="TRUE">0</attwidth><atprecis Sync="TRUE">0</atprecis><attscale Sync="TRUE">0</attscale><attrdef Sync="TRUE">Feature geometry.</attrdef><attrdefs Sync="TRUE">Esri</attrdefs><attrdomv><udom Sync="TRUE">Coordinates defining the features.</udom></attrdomv></attr></detailed></eainfo><mdDateSt Sync="TRUE">20200521</mdDateSt></metadata>
